match_id,tournament_year,match_date,home_team_id,away_team_id,text_available,text_count,combined_pre_match_text,sources,latest_text_time,min_hours_before_match
match_008af429d7d1,1930,1930-07-13,team_e165d4f2174b,team_4edfc924721a,0,0,,,,
match_1639b517874f,1930,1930-07-13,team_152649df347e,team_73fa01094ea6,0,0,,,,
match_1f0a82595fdf,1930,1930-07-14,team_950ebd5e5210,team_6e5fa4d9c48c,0,0,,,,
match_aff97a035956,1930,1930-07-14,team_89055f975d7d,team_32e8419a7ecb,0,0,,,,
match_68cbf3f58928,1930,1930-07-15,team_2a52adc7b1da,team_e165d4f2174b,0,0,,,,
match_c0cc8732c053,1930,1930-07-16,team_fd317045cbdc,team_4edfc924721a,0,0,,,,
match_20c9fa814c9b,1930,1930-07-17,team_152649df347e,team_3bafbfd8bf5e,0,0,,,,
match_c6310448f349,1930,1930-07-17,team_950ebd5e5210,team_76781be1c79d,0,0,,,,
match_79b2acba5292,1930,1930-07-18,team_9142ac5b229c,team_32e8419a7ecb,0,0,,,,
match_1c3bd87b71d4,1930,1930-07-19,team_2a52adc7b1da,team_4edfc924721a,0,0,,,,
match_9595677cebdb,1930,1930-07-19,team_fd317045cbdc,team_e165d4f2174b,0,0,,,,
match_97d8234bff68,1930,1930-07-20,team_6e5fa4d9c48c,team_76781be1c79d,0,0,,,,
match_98934e8199bd,1930,1930-07-20,team_3bafbfd8bf5e,team_73fa01094ea6,0,0,,,,
match_9bed711ca574,1930,1930-07-21,team_9142ac5b229c,team_89055f975d7d,0,0,,,,
match_23cb4fa16bea,1930,1930-07-22,team_2a52adc7b1da,team_fd317045cbdc,0,0,,,,
match_d770e6dcd08a,1930,1930-07-26,team_2a52adc7b1da,team_152649df347e,0,0,,,,
match_7bc4e400915c,1930,1930-07-27,team_9142ac5b229c,team_950ebd5e5210,0,0,,,,
match_fd1e3950f667,1930,1930-07-30,team_9142ac5b229c,team_2a52adc7b1da,0,0,,,,
match_383c5efe50eb,1934,1934-05-27,team_28ef36b35ae8,team_73fa01094ea6,0,0,,,,
match_6ca811e84e9c,1934,1934-05-27,team_88e52ee42fd0,team_2a52adc7b1da,0,0,,,,
match_74c59122a63d,1934,1934-05-27,team_43c05d43f993,team_89055f975d7d,0,0,,,,
match_ab045acfb606,1934,1934-05-27,team_3b4bbcb74728,team_4635c9536a61,0,0,,,,
match_b03f50c98733,1934,1934-05-27,team_0d9c575f4f02,team_6123486432d2,0,0,,,,
match_cb9d26efe549,1934,1934-05-27,team_1747d4b2dd4b,team_6e5fa4d9c48c,0,0,,,,
match_dd66c4d5fd1e,1934,1934-05-27,team_bab4ac375ada,team_152649df347e,0,0,,,,
match_fe6e3d015bed,1934,1934-05-27,team_6cd0c266688a,team_e165d4f2174b,0,0,,,,
match_709f7b6d71de,1934,1934-05-31,team_bab4ac375ada,team_1747d4b2dd4b,0,0,,,,
match_910b9dce5911,1934,1934-05-31,team_28ef36b35ae8,team_88e52ee42fd0,0,0,,,,
match_b071651ee4f5,1934,1934-05-31,team_6cd0c266688a,team_3b4bbcb74728,0,0,,,,
match_c721a4b558d0,1934,1934-05-31,team_43c05d43f993,team_0d9c575f4f02,0,0,,,,
match_f7261c81300e,1934,1934-06-01,team_bab4ac375ada,team_1747d4b2dd4b,0,0,,,,
match_f3bf7a6c2fff,1934,1934-06-03,team_43c05d43f993,team_28ef36b35ae8,0,0,,,,
match_fdc75cec6e46,1934,1934-06-03,team_bab4ac375ada,team_6cd0c266688a,0,0,,,,
match_1cf3d44932a4,1934,1934-06-07,team_28ef36b35ae8,team_6cd0c266688a,0,0,,,,
match_324159a51ffc,1934,1934-06-10,team_bab4ac375ada,team_43c05d43f993,0,0,,,,
match_c6949bcdc8fd,1938,1938-06-04,team_0d9c575f4f02,team_28ef36b35ae8,0,0,,,,
match_005f8f367b4e,1938,1938-06-05,team_6e5fa4d9c48c,team_6f08c5ddcdd0,0,0,,,,
match_030fb78181fe,1938,1938-06-05,team_2b84cd5da64a,team_89055f975d7d,0,0,,,,
match_0b68958b1e27,1938,1938-06-05,team_bab4ac375ada,team_e6e6854f6b71,0,0,,,,
match_24ac113c2ddb,1938,1938-06-05,team_43c05d43f993,team_6123486432d2,0,0,,,,
match_abef2e1e7c00,1938,1938-06-05,team_3b4bbcb74728,team_f0fb186afcee,0,0,,,,
match_ae6015097a01,1938,1938-06-05,team_e165d4f2174b,team_73fa01094ea6,0,0,,,,
match_9f9d304a9fc2,1938,1938-06-09,team_0d9c575f4f02,team_28ef36b35ae8,0,0,,,,
match_c1f0f2af1dea,1938,1938-06-09,team_2b84cd5da64a,team_89055f975d7d,0,0,,,,
match_49c041a9d519,1938,1938-06-12,team_6e5fa4d9c48c,team_43c05d43f993,0,0,,,,
match_6f29230b93ba,1938,1938-06-12,team_88e52ee42fd0,team_2b84cd5da64a,0,0,,,,
match_9c2f18f8b712,1938,1938-06-12,team_3b4bbcb74728,team_0d9c575f4f02,0,0,,,,
match_d4bfa34ab5c4,1938,1938-06-12,team_bab4ac375ada,team_e165d4f2174b,0,0,,,,
match_698a34954c59,1938,1938-06-14,team_6e5fa4d9c48c,team_43c05d43f993,0,0,,,,
match_08dfab23e187,1938,1938-06-16,team_bab4ac375ada,team_6e5fa4d9c48c,0,0,,,,
match_d2150df5b6bc,1938,1938-06-16,team_3b4bbcb74728,team_88e52ee42fd0,0,0,,,,
match_4ca552eeb4de,1938,1938-06-19,team_6e5fa4d9c48c,team_88e52ee42fd0,0,0,,,,
match_4e1d6b318cfb,1938,1938-06-19,team_bab4ac375ada,team_3b4bbcb74728,0,0,,,,
match_023ba36757a4,1950,1950-06-24,team_6e5fa4d9c48c,team_4edfc924721a,0,0,,,,
match_1841dd45c63c,1950,1950-06-25,team_1747d4b2dd4b,team_152649df347e,0,0,,,,
match_39c68ff9f894,1950,1950-06-25,team_f48861ca24e2,team_fd317045cbdc,0,0,,,,
match_98fb6a009912,1950,1950-06-25,team_88e52ee42fd0,team_bab4ac375ada,0,0,,,,
match_b9df331dc2d8,1950,1950-06-25,team_950ebd5e5210,team_0d9c575f4f02,0,0,,,,
match_a9d747a594e7,1950,1950-06-28,team_950ebd5e5210,team_4edfc924721a,0,0,,,,
match_d8114e4a7e7f,1950,1950-06-28,team_6e5fa4d9c48c,team_0d9c575f4f02,0,0,,,,
match_68d4c043cb5f,1950,1950-06-29,team_152649df347e,team_f48861ca24e2,0,0,,,,
match_711f0efcf368,1950,1950-06-29,team_88e52ee42fd0,team_3bafbfd8bf5e,0,0,,,,
match_b941645d85b3,1950,1950-06-29,team_1747d4b2dd4b,team_fd317045cbdc,0,0,,,,
match_d40637a0a05a,1950,1950-07-01,team_6e5fa4d9c48c,team_950ebd5e5210,0,0,,,,
match_1e43b6add829,1950,1950-07-02,team_bab4ac375ada,team_3bafbfd8bf5e,0,0,,,,
match_84578f208f9d,1950,1950-07-02,team_9142ac5b229c,team_76781be1c79d,0,0,,,,
match_969103965da8,1950,1950-07-02,team_fd317045cbdc,team_152649df347e,0,0,,,,
match_db17a38f6890,1950,1950-07-02,team_1747d4b2dd4b,team_f48861ca24e2,0,0,,,,
match_e011fbf1a5a2,1950,1950-07-02,team_0d9c575f4f02,team_4edfc924721a,0,0,,,,
match_77bb43aeb27f,1950,1950-07-09,team_9142ac5b229c,team_1747d4b2dd4b,0,0,,,,
match_d627928b17e9,1950,1950-07-09,team_6e5fa4d9c48c,team_88e52ee42fd0,0,0,,,,
match_38d32390d087,1950,1950-07-13,team_6e5fa4d9c48c,team_1747d4b2dd4b,0,0,,,,
match_71098af2a69b,1950,1950-07-13,team_9142ac5b229c,team_88e52ee42fd0,0,0,,,,
match_71506add1ffe,1950,1950-07-16,team_9142ac5b229c,team_6e5fa4d9c48c,0,0,,,,
match_b365ee434ec7,1950,1950-07-16,team_88e52ee42fd0,team_1747d4b2dd4b,0,0,,,,
match_2d026882269c,1954,1954-06-16,team_6cd0c266688a,team_b0ce0b49f97d,0,0,,,,
match_2e3b1232fe92,1954,1954-06-16,team_950ebd5e5210,team_e165d4f2174b,0,0,,,,
match_7fbea762b993,1954,1954-06-16,team_6e5fa4d9c48c,team_4edfc924721a,0,0,,,,
match_9e0efaa77d92,1954,1954-06-16,team_9142ac5b229c,team_43c05d43f993,0,0,,,,
match_06040fc623b6,1954,1954-06-17,team_f48861ca24e2,team_73fa01094ea6,0,0,,,,
match_31692c93b221,1954,1954-06-17,team_0d9c575f4f02,team_bab4ac375ada,0,0,,,,
match_9503a578c132,1954,1954-06-17,team_3b4bbcb74728,team_3c6cfbc2415a,0,0,,,,
match_e5c1d021aea5,1954,1954-06-17,team_28ef36b35ae8,team_bb3db6b18c5c,0,0,,,,
match_0137ed4d2bf0,1954,1954-06-19,team_6e5fa4d9c48c,team_950ebd5e5210,0,0,,,,
match_388218307dcf,1954,1954-06-19,team_e165d4f2174b,team_4edfc924721a,0,0,,,,
match_d6406087e4e6,1954,1954-06-19,team_9142ac5b229c,team_b0ce0b49f97d,0,0,,,,
match_f3a4788aa428,1954,1954-06-19,team_6cd0c266688a,team_43c05d43f993,0,0,,,,
match_2860c11c6651,1954,1954-06-20,team_bab4ac375ada,team_73fa01094ea6,0,0,,,,
match_31e72e118c79,1954,1954-06-20,team_bb3db6b18c5c,team_3c6cfbc2415a,0,0,,,,
match_45fea1650c27,1954,1954-06-20,team_0d9c575f4f02,team_f48861ca24e2,0,0,,,,
match_7035575dd0c7,1954,1954-06-20,team_3b4bbcb74728,team_28ef36b35ae8,0,0,,,,
match_5de3537aef76,1954,1954-06-23,team_0d9c575f4f02,team_bab4ac375ada,0,0,,,,
match_9d0274a08eb6,1954,1954-06-23,team_28ef36b35ae8,team_bb3db6b18c5c,0,0,,,,
match_340da73f7867,1954,1954-06-26,team_0d9c575f4f02,team_6cd0c266688a,0,0,,,,
match_7ad337434282,1954,1954-06-26,team_9142ac5b229c,team_f48861ca24e2,0,0,,,,
match_89ce65786f51,1954,1954-06-27,team_3b4bbcb74728,team_6e5fa4d9c48c,0,0,,,,
match_c7d7151927a9,1954,1954-06-27,team_28ef36b35ae8,team_950ebd5e5210,0,0,,,,
match_a38f5391cfb4,1954,1954-06-30,team_3b4bbcb74728,team_9142ac5b229c,0,0,,,,
match_a91ffc7eef2c,1954,1954-06-30,team_28ef36b35ae8,team_6cd0c266688a,0,0,,,,
match_686185298950,1954,1954-07-03,team_6cd0c266688a,team_9142ac5b229c,0,0,,,,
match_05a15cc59a21,1954,1954-07-04,team_28ef36b35ae8,team_3b4bbcb74728,0,0,,,,
match_0fb988dd5495,1958,1958-06-08,team_3b4bbcb74728,team_eea7530d166b,0,0,,,,
match_2d33c87634b0,1958,1958-06-08,team_e762c470514b,team_f48861ca24e2,0,0,,,,
match_42221d429458,1958,1958-06-08,team_35380523e7c0,team_43c05d43f993,0,0,,,,
match_66baa885f497,1958,1958-06-08,team_e165d4f2174b,team_3bafbfd8bf5e,0,0,,,,
match_848d674ef813,1958,1958-06-08,team_6e5fa4d9c48c,team_6cd0c266688a,0,0,,,,
match_87406cf298e8,1958,1958-06-08,team_88e52ee42fd0,team_4edfc924721a,0,0,,,,
match_dbfac54edd0b,1958,1958-06-08,team_2a52adc7b1da,team_79efb284d3e2,0,0,,,,
match_f7727d2e9856,1958,1958-06-08,team_950ebd5e5210,team_b0ce0b49f97d,0,0,,,,
match_21f5d02bf944,1958,1958-06-11,team_3bafbfd8bf5e,team_b0ce0b49f97d,0,0,,,,
match_3c1bd46961f1,1958,1958-06-11,team_4edfc924721a,team_eea7530d166b,0,0,,,,
match_4eb6b9d7475b,1958,1958-06-11,team_6e5fa4d9c48c,team_f48861ca24e2,0,0,,,,
match_a2d891e75c6c,1958,1958-06-11,team_e762c470514b,team_6cd0c266688a,0,0,,,,
match_b2e3aebab4c0,1958,1958-06-11,team_950ebd5e5210,team_e165d4f2174b,0,0,,,,
match_b2f029d9c5d5,1958,1958-06-11,team_2a52adc7b1da,team_35380523e7c0,0,0,,,,
match_d5c462a3a51a,1958,1958-06-11,team_79efb284d3e2,team_43c05d43f993,0,0,,,,
match_492d4101a9f2,1958,1958-06-12,team_88e52ee42fd0,team_3b4bbcb74728,0,0,,,,
match_21489d4c0525,1958,1958-06-15,team_e165d4f2174b,team_b0ce0b49f97d,0,0,,,,
match_36dbf856d72e,1958,1958-06-15,team_88e52ee42fd0,team_eea7530d166b,0,0,,,,
match_3b80d01fa032,1958,1958-06-15,team_79efb284d3e2,team_35380523e7c0,0,0,,,,
match_5a5768319a98,1958,1958-06-15,team_f48861ca24e2,team_6cd0c266688a,0,0,,,,
match_b10119b05c29,1958,1958-06-15,team_6e5fa4d9c48c,team_e762c470514b,0,0,,,,
match_c13ad626052b,1958,1958-06-15,team_43c05d43f993,team_2a52adc7b1da,0,0,,,,
match_fa4fb3ee03ee,1958,1958-06-15,team_3bafbfd8bf5e,team_950ebd5e5210,0,0,,,,
match_fc44ab489345,1958,1958-06-15,team_3b4bbcb74728,team_4edfc924721a,0,0,,,,
match_682a0089244c,1958,1958-06-17,team_e762c470514b,team_f48861ca24e2,0,0,,,,
match_6f83ad166b6c,1958,1958-06-17,team_35380523e7c0,team_43c05d43f993,0,0,,,,
match_d231458e3954,1958,1958-06-17,team_eea7530d166b,team_3b4bbcb74728,0,0,,,,
match_4f9f318a684d,1958,1958-06-19,team_88e52ee42fd0,team_e762c470514b,0,0,,,,
match_a76acaf86a05,1958,1958-06-19,team_e165d4f2174b,team_35380523e7c0,0,0,,,,
match_acb2c81c1fd7,1958,1958-06-19,team_6e5fa4d9c48c,team_eea7530d166b,0,0,,,,
match_fad54625eacb,1958,1958-06-19,team_79efb284d3e2,team_950ebd5e5210,0,0,,,,
match_e05ba45f823e,1958,1958-06-24,team_88e52ee42fd0,team_79efb284d3e2,0,0,,,,
match_e9f8eb8da594,1958,1958-06-24,team_6e5fa4d9c48c,team_e165d4f2174b,0,0,,,,
match_0c653323394d,1958,1958-06-28,team_e165d4f2174b,team_79efb284d3e2,0,0,,,,
match_6c6467fa4a50,1958,1958-06-29,team_6e5fa4d9c48c,team_88e52ee42fd0,0,0,,,,
match_0cf77fa03b8c,1962,1962-05-30,team_6e5fa4d9c48c,team_4edfc924721a,0,0,,,,
match_250073af1a52,1962,1962-05-30,team_fd317045cbdc,team_0d9c575f4f02,0,0,,,,
match_3991b5065e35,1962,1962-05-30,team_2a52adc7b1da,team_db5f14430304,0,0,,,,
match_a2df6d5d3fcf,1962,1962-05-30,team_9142ac5b229c,team_25446782e2cc,0,0,,,,
match_792620aba8c0,1962,1962-05-31,team_3b4bbcb74728,team_f48861ca24e2,0,0,,,,
match_d62ac7c39597,1962,1962-05-31,team_79efb284d3e2,team_bab4ac375ada,0,0,,,,
match_e1a18c64f658,1962,1962-05-31,team_43c05d43f993,team_1747d4b2dd4b,0,0,,,,
match_f2bc7c1a1afd,1962,1962-05-31,team_e762c470514b,team_950ebd5e5210,0,0,,,,
match_36ee16c2c088,1962,1962-06-02,team_fd317045cbdc,team_bab4ac375ada,0,0,,,,
match_3bf8ebbc532e,1962,1962-06-02,team_6e5fa4d9c48c,team_43c05d43f993,0,0,,,,
match_dc1fd7313036,1962,1962-06-02,team_950ebd5e5210,team_9142ac5b229c,0,0,,,,
match_f6b6cbd5b0d0,1962,1962-06-02,team_f48861ca24e2,team_2a52adc7b1da,0,0,,,,
match_617dc8989b69,1962,1962-06-03,team_e762c470514b,team_25446782e2cc,0,0,,,,
match_8305e985d2d3,1962,1962-06-03,team_1747d4b2dd4b,team_4edfc924721a,0,0,,,,
match_bab982d2807f,1962,1962-06-03,team_3b4bbcb74728,team_db5f14430304,0,0,,,,
match_ea487ba007fc,1962,1962-06-03,team_79efb284d3e2,team_0d9c575f4f02,0,0,,,,
match_07828c643b90,1962,1962-06-06,team_e762c470514b,team_9142ac5b229c,0,0,,,,
match_7142d8cbe21f,1962,1962-06-06,team_3b4bbcb74728,team_2a52adc7b1da,0,0,,,,
match_d618168f50f6,1962,1962-06-06,team_79efb284d3e2,team_fd317045cbdc,0,0,,,,
match_e61a6c315de5,1962,1962-06-06,team_6e5fa4d9c48c,team_1747d4b2dd4b,0,0,,,,
match_2612349829ad,1962,1962-06-07,team_950ebd5e5210,team_25446782e2cc,0,0,,,,
match_a84ed49a2208,1962,1962-06-07,team_f48861ca24e2,team_db5f14430304,0,0,,,,
match_bebbe25c9108,1962,1962-06-07,team_bab4ac375ada,team_0d9c575f4f02,0,0,,,,
match_ef9edcb2c2eb,1962,1962-06-07,team_4edfc924721a,team_43c05d43f993,0,0,,,,
match_078bc3f540a7,1962,1962-06-10,team_fd317045cbdc,team_e762c470514b,0,0,,,,
match_289d2697f654,1962,1962-06-10,team_43c05d43f993,team_3b4bbcb74728,0,0,,,,
match_4cd9f5eed040,1962,1962-06-10,team_950ebd5e5210,team_79efb284d3e2,0,0,,,,
match_5a754e539e23,1962,1962-06-10,team_6e5fa4d9c48c,team_f48861ca24e2,0,0,,,,
match_1392abd50327,1962,1962-06-13,team_43c05d43f993,team_950ebd5e5210,0,0,,,,
match_2ddd155d3dbb,1962,1962-06-13,team_6e5fa4d9c48c,team_fd317045cbdc,0,0,,,,
match_02625915f2c3,1962,1962-06-16,team_fd317045cbdc,team_950ebd5e5210,0,0,,,,
match_617387bc9e85,1962,1962-06-17,team_6e5fa4d9c48c,team_43c05d43f993,0,0,,,,
match_c510146046e6,1966,1966-07-11,team_f48861ca24e2,team_9142ac5b229c,0,0,,,,
match_4e4e955e155d,1966,1966-07-12,team_6e5fa4d9c48c,team_db5f14430304,0,0,,,,
match_7cd2f9616f82,1966,1966-07-12,team_e762c470514b,team_a9f3e4aa0834,0,0,,,,
match_8eec92017b89,1966,1966-07-12,team_79efb284d3e2,team_0d9c575f4f02,0,0,,,,
match_43ad54462829,1966,1966-07-13,team_e165d4f2174b,team_4edfc924721a,0,0,,,,
match_5085d3a0aad6,1966,1966-07-13,team_bab4ac375ada,team_fd317045cbdc,0,0,,,,
match_788a09986696,1966,1966-07-13,team_ae0eea6eb6d6,team_3b4bbcb74728,0,0,,,,
match_e96193d8eac3,1966,1966-07-13,team_2a52adc7b1da,team_1747d4b2dd4b,0,0,,,,
match_821e27e71d42,1966,1966-07-15,team_9142ac5b229c,team_e165d4f2174b,0,0,,,,
match_d2f97a410793,1966,1966-07-15,team_1747d4b2dd4b,team_0d9c575f4f02,0,0,,,,
match_edfce5a3d744,1966,1966-07-15,team_a9f3e4aa0834,team_fd317045cbdc,0,0,,,,
match_f9d513872814,1966,1966-07-15,team_3b4bbcb74728,team_6e5fa4d9c48c,0,0,,,,
match_0bc69a44c2ac,1966,1966-07-16,team_e762c470514b,team_bab4ac375ada,0,0,,,,
match_0c02eac5ade8,1966,1966-07-16,team_f48861ca24e2,team_4edfc924721a,0,0,,,,
match_c6129259377c,1966,1966-07-16,team_ae0eea6eb6d6,team_db5f14430304,0,0,,,,
match_edaeb6c9ae1e,1966,1966-07-16,team_79efb284d3e2,team_2a52adc7b1da,0,0,,,,
match_40b2c56a22d1,1966,1966-07-19,team_a9f3e4aa0834,team_bab4ac375ada,0,0,,,,
match_a01ee368af86,1966,1966-07-19,team_2a52adc7b1da,team_0d9c575f4f02,0,0,,,,
match_d03828efe41f,1966,1966-07-19,team_9142ac5b229c,team_4edfc924721a,0,0,,,,
match_feb9eeac4200,1966,1966-07-19,team_ae0eea6eb6d6,team_6e5fa4d9c48c,0,0,,,,
match_0f250b0103a3,1966,1966-07-20,team_3b4bbcb74728,team_db5f14430304,0,0,,,,
match_147948efe321,1966,1966-07-20,team_f48861ca24e2,team_e165d4f2174b,0,0,,,,
match_6ed284a49311,1966,1966-07-20,team_e762c470514b,team_fd317045cbdc,0,0,,,,
match_f29fa680006c,1966,1966-07-20,team_79efb284d3e2,team_1747d4b2dd4b,0,0,,,,
match_95334af9de8d,1966,1966-07-23,team_f48861ca24e2,team_2a52adc7b1da,0,0,,,,
match_df35bdef8875,1966,1966-07-23,team_e762c470514b,team_3b4bbcb74728,0,0,,,,
match_f57f3c37f564,1966,1966-07-23,team_ae0eea6eb6d6,team_a9f3e4aa0834,0,0,,,,
match_f7a47e372cd9,1966,1966-07-23,team_79efb284d3e2,team_9142ac5b229c,0,0,,,,
match_cae0e41dd409,1966,1966-07-25,team_79efb284d3e2,team_e762c470514b,0,0,,,,
match_1fd23c13d5ff,1966,1966-07-26,team_f48861ca24e2,team_ae0eea6eb6d6,0,0,,,,
match_de904538a21d,1966,1966-07-28,team_ae0eea6eb6d6,team_e762c470514b,0,0,,,,
match_680972f02805,1966,1966-07-30,team_f48861ca24e2,team_79efb284d3e2,0,0,,,,
match_f04ac9a9ff01,1970,1970-05-31,team_4edfc924721a,team_e762c470514b,0,0,,,,
match_03c2a08ad65e,1970,1970-06-02,team_9142ac5b229c,team_3f8454b7f2c1,0,0,,,,
match_04c12f23d51c,1970,1970-06-02,team_32e8419a7ecb,team_db5f14430304,0,0,,,,
match_4e9fd93e8299,1970,1970-06-02,team_f48861ca24e2,team_89055f975d7d,0,0,,,,
match_044e2d816990,1970,1970-06-03,team_79efb284d3e2,team_217b6e5f0a09,0,0,,,,
match_1553011a197f,1970,1970-06-03,team_bab4ac375ada,team_88e52ee42fd0,0,0,,,,
match_a07229a31da0,1970,1970-06-03,team_73fa01094ea6,team_eedf141a7e7b,0,0,,,,
match_ea4fa7f1fe7d,1970,1970-06-03,team_6e5fa4d9c48c,team_43c05d43f993,0,0,,,,
match_24cb6b5513c4,1970,1970-06-06,team_9142ac5b229c,team_bab4ac375ada,0,0,,,,
match_31609169dc89,1970,1970-06-06,team_89055f975d7d,team_43c05d43f993,0,0,,,,
match_37618d7abd3e,1970,1970-06-06,team_e762c470514b,team_73fa01094ea6,0,0,,,,
match_dd13c08c7e7b,1970,1970-06-06,team_32e8419a7ecb,team_217b6e5f0a09,0,0,,,,
match_072c0aba8363,1970,1970-06-07,team_88e52ee42fd0,team_3f8454b7f2c1,0,0,,,,
match_27429cfda924,1970,1970-06-07,team_6e5fa4d9c48c,team_f48861ca24e2,0,0,,,,
match_534622ed6c9f,1970,1970-06-07,team_79efb284d3e2,team_db5f14430304,0,0,,,,
match_93d9a8715169,1970,1970-06-07,team_4edfc924721a,team_eedf141a7e7b,0,0,,,,
match_2b06d07a6bfc,1970,1970-06-10,team_6e5fa4d9c48c,team_89055f975d7d,0,0,,,,
match_349939cfdc59,1970,1970-06-10,team_e762c470514b,team_eedf141a7e7b,0,0,,,,
match_3e41325a3b19,1970,1970-06-10,team_79efb284d3e2,team_32e8419a7ecb,0,0,,,,
match_816a98a13a10,1970,1970-06-10,team_88e52ee42fd0,team_9142ac5b229c,0,0,,,,
match_31f167fe67ac,1970,1970-06-11,team_f48861ca24e2,team_43c05d43f993,0,0,,,,
match_51f0e679929f,1970,1970-06-11,team_bab4ac375ada,team_3f8454b7f2c1,0,0,,,,
match_aca329c6298e,1970,1970-06-11,team_4edfc924721a,team_73fa01094ea6,0,0,,,,
match_f5d7d448cec6,1970,1970-06-11,team_db5f14430304,team_217b6e5f0a09,0,0,,,,
match_2fbc1f651b37,1970,1970-06-14,team_79efb284d3e2,team_f48861ca24e2,0,0,,,,
match_634ea82104e6,1970,1970-06-14,team_6e5fa4d9c48c,team_32e8419a7ecb,0,0,,,,
match_ca341ba46b24,1970,1970-06-14,team_bab4ac375ada,team_4edfc924721a,0,0,,,,
match_e3de54b97b72,1970,1970-06-14,team_9142ac5b229c,team_e762c470514b,0,0,,,,
match_73f275206bc0,1970,1970-06-17,team_bab4ac375ada,team_79efb284d3e2,0,0,,,,
match_a078dfc3bdc6,1970,1970-06-17,team_6e5fa4d9c48c,team_9142ac5b229c,0,0,,,,
match_8ba4f61b6a34,1970,1970-06-20,team_79efb284d3e2,team_9142ac5b229c,0,0,,,,
match_b44d9d3de0d3,1970,1970-06-21,team_6e5fa4d9c48c,team_bab4ac375ada,0,0,,,,
match_3947aa852ed2,1974,1974-06-13,team_6e5fa4d9c48c,team_950ebd5e5210,0,0,,,,
match_2eb3787ed8b4,1974,1974-06-14,team_00f3af1ef8f9,team_fb2a54d63748,0,0,,,,
match_b6c8a7402cc9,1974,1974-06-14,team_79efb284d3e2,team_fd317045cbdc,0,0,,,,
match_ba590e37892f,1974,1974-06-14,team_e3a5090ba681,team_b0ce0b49f97d,0,0,,,,
match_011c7806bb12,1974,1974-06-15,team_88e52ee42fd0,team_db5f14430304,0,0,,,,
match_87c9257da58f,1974,1974-06-15,team_9142ac5b229c,team_6123486432d2,0,0,,,,
match_a7a1ec16bb8a,1974,1974-06-15,team_bab4ac375ada,team_87b190830af9,0,0,,,,
match_e031e99774b6,1974,1974-06-15,team_6f08c5ddcdd0,team_2a52adc7b1da,0,0,,,,
match_209e86bca5e7,1974,1974-06-18,team_950ebd5e5210,team_e3a5090ba681,0,0,,,,
match_2d8a64609d20,1974,1974-06-18,team_fb2a54d63748,team_79efb284d3e2,0,0,,,,
match_3c1cbeb0a4ce,1974,1974-06-18,team_b0ce0b49f97d,team_6e5fa4d9c48c,0,0,,,,
match_e9f161942cc3,1974,1974-06-18,team_fd317045cbdc,team_00f3af1ef8f9,0,0,,,,
match_2122802290fe,1974,1974-06-19,team_6123486432d2,team_88e52ee42fd0,0,0,,,,
match_2d3244fed1cd,1974,1974-06-19,team_2a52adc7b1da,team_bab4ac375ada,0,0,,,,
match_9e40efa1e5d9,1974,1974-06-19,team_87b190830af9,team_6f08c5ddcdd0,0,0,,,,
match_d06d1c5fc96b,1974,1974-06-19,team_db5f14430304,team_9142ac5b229c,0,0,,,,
match_41fe34106584,1974,1974-06-22,team_b0ce0b49f97d,team_950ebd5e5210,0,0,,,,
match_803c9561dd85,1974,1974-06-22,team_e3a5090ba681,team_6e5fa4d9c48c,0,0,,,,
match_df74d2f16e49,1974,1974-06-22,team_00f3af1ef8f9,team_79efb284d3e2,0,0,,,,
match_e8d36cb1faab,1974,1974-06-22,team_fb2a54d63748,team_fd317045cbdc,0,0,,,,
match_0e2bac805c53,1974,1974-06-23,team_88e52ee42fd0,team_9142ac5b229c,0,0,,,,
match_a5fa6e0576c3,1974,1974-06-23,team_6f08c5ddcdd0,team_bab4ac375ada,0,0,,,,
match_cd40acc6cd07,1974,1974-06-23,team_db5f14430304,team_6123486432d2,0,0,,,,
match_ff02372bb271,1974,1974-06-23,team_2a52adc7b1da,team_87b190830af9,0,0,,,,
match_880eb97c20f2,1974,1974-06-26,team_950ebd5e5210,team_79efb284d3e2,0,0,,,,
match_c76239cfb35c,1974,1974-06-26,team_6e5fa4d9c48c,team_00f3af1ef8f9,0,0,,,,
match_dbaea602b997,1974,1974-06-26,team_6123486432d2,team_2a52adc7b1da,0,0,,,,
match_f5b8bee2ffe3,1974,1974-06-26,team_88e52ee42fd0,team_6f08c5ddcdd0,0,0,,,,
match_0829d3008a4b,1974,1974-06-30,team_79efb284d3e2,team_88e52ee42fd0,0,0,,,,
match_278da5d4dae8,1974,1974-06-30,team_6f08c5ddcdd0,team_950ebd5e5210,0,0,,,,
match_afe0fa4374f3,1974,1974-06-30,team_00f3af1ef8f9,team_6123486432d2,0,0,,,,
match_dbbd391ad299,1974,1974-06-30,team_2a52adc7b1da,team_6e5fa4d9c48c,0,0,,,,
match_72b73607f7a7,1974,1974-07-03,team_6f08c5ddcdd0,team_79efb284d3e2,0,0,,,,
match_7c152004a2ea,1974,1974-07-03,team_6123486432d2,team_6e5fa4d9c48c,0,0,,,,
match_8f5c384c1f18,1974,1974-07-03,team_88e52ee42fd0,team_950ebd5e5210,0,0,,,,
match_97ac02f48721,1974,1974-07-03,team_2a52adc7b1da,team_00f3af1ef8f9,0,0,,,,
match_a144093ec4d8,1974,1974-07-06,team_6e5fa4d9c48c,team_6f08c5ddcdd0,0,0,,,,
match_330aa538514b,1974,1974-07-07,team_6123486432d2,team_79efb284d3e2,0,0,,,,
match_03238c1ca745,1978,1978-06-01,team_79efb284d3e2,team_6f08c5ddcdd0,0,0,,,,
match_a6a3cc2e60dd,1978,1978-06-02,team_6b07fd4ea837,team_4edfc924721a,0,0,,,,
match_edc2c299c1c1,1978,1978-06-02,team_bab4ac375ada,team_e165d4f2174b,0,0,,,,
match_f7d3539a4f76,1978,1978-06-02,team_2a52adc7b1da,team_3b4bbcb74728,0,0,,,,
match_064eaea68656,1978,1978-06-03,team_6cd0c266688a,team_1747d4b2dd4b,0,0,,,,
match_42fb98774c9f,1978,1978-06-03,team_6123486432d2,team_6f0a7d56c2cd,0,0,,,,
match_ab8f48a3af6e,1978,1978-06-03,team_88e52ee42fd0,team_6e5fa4d9c48c,0,0,,,,
match_c0e2a29ffdb6,1978,1978-06-03,team_32e8419a7ecb,team_b0ce0b49f97d,0,0,,,,
match_29148e6575f7,1978,1978-06-06,team_79efb284d3e2,team_4edfc924721a,0,0,,,,
match_3beb0ffdf862,1978,1978-06-06,team_2a52adc7b1da,team_e165d4f2174b,0,0,,,,
match_4e106c84361f,1978,1978-06-06,team_bab4ac375ada,team_3b4bbcb74728,0,0,,,,
match_e2f529b29141,1978,1978-06-06,team_6f08c5ddcdd0,team_6b07fd4ea837,0,0,,,,
match_2c281794640c,1978,1978-06-07,team_b0ce0b49f97d,team_6f0a7d56c2cd,0,0,,,,
match_6b327cc3137f,1978,1978-06-07,team_6cd0c266688a,team_88e52ee42fd0,0,0,,,,
match_74402183c225,1978,1978-06-07,team_6123486432d2,team_32e8419a7ecb,0,0,,,,
match_c9742c5f0ed6,1978,1978-06-07,team_6e5fa4d9c48c,team_1747d4b2dd4b,0,0,,,,
match_23a3dbe8d4cd,1978,1978-06-10,team_6f08c5ddcdd0,team_4edfc924721a,0,0,,,,
match_29d312505848,1978,1978-06-10,team_79efb284d3e2,team_6b07fd4ea837,0,0,,,,
match_b126aae7d42a,1978,1978-06-10,team_bab4ac375ada,team_2a52adc7b1da,0,0,,,,
match_e9f0a1c0b4aa,1978,1978-06-10,team_e165d4f2174b,team_3b4bbcb74728,0,0,,,,
match_7826b2c821e9,1978,1978-06-11,team_6e5fa4d9c48c,team_6cd0c266688a,0,0,,,,
match_974862b089ea,1978,1978-06-11,team_b0ce0b49f97d,team_6123486432d2,0,0,,,,
match_f0d39ecdb0d6,1978,1978-06-11,team_1747d4b2dd4b,team_88e52ee42fd0,0,0,,,,
match_fd674af1127f,1978,1978-06-11,team_32e8419a7ecb,team_6f0a7d56c2cd,0,0,,,,
match_0df3fee1ddfe,1978,1978-06-14,team_79efb284d3e2,team_bab4ac375ada,0,0,,,,
match_190d5a50bb6a,1978,1978-06-14,team_2a52adc7b1da,team_6f08c5ddcdd0,0,0,,,,
match_202df7a8e570,1978,1978-06-14,team_6123486432d2,team_6cd0c266688a,0,0,,,,
match_2e7f6ffa7a6d,1978,1978-06-14,team_6e5fa4d9c48c,team_32e8419a7ecb,0,0,,,,
match_01dcef846966,1978,1978-06-18,team_6f08c5ddcdd0,team_32e8419a7ecb,0,0,,,,
match_31b30511cfda,1978,1978-06-18,team_2a52adc7b1da,team_6e5fa4d9c48c,0,0,,,,
match_9e456de6e9a1,1978,1978-06-18,team_79efb284d3e2,team_6123486432d2,0,0,,,,
match_bcc438901884,1978,1978-06-18,team_bab4ac375ada,team_6cd0c266688a,0,0,,,,
match_40d7b5f159a4,1978,1978-06-21,team_6e5fa4d9c48c,team_6f08c5ddcdd0,0,0,,,,
match_433a20014e5d,1978,1978-06-21,team_2a52adc7b1da,team_32e8419a7ecb,0,0,,,,
match_587bd932ca03,1978,1978-06-21,team_6cd0c266688a,team_79efb284d3e2,0,0,,,,
match_f53eddd5f98c,1978,1978-06-21,team_6123486432d2,team_bab4ac375ada,0,0,,,,
match_e74af6ed3197,1978,1978-06-24,team_6e5fa4d9c48c,team_bab4ac375ada,0,0,,,,
match_e6baf1508118,1978,1978-06-25,team_2a52adc7b1da,team_6123486432d2,0,0,,,,
match_0e5d68425141,1982,1982-06-13,team_2a52adc7b1da,team_73fa01094ea6,0,0,,,,
match_47395b721ae9,1982,1982-06-14,team_bab4ac375ada,team_6f08c5ddcdd0,0,0,,,,
match_8fc828ff510c,1982,1982-06-14,team_6e5fa4d9c48c,team_e762c470514b,0,0,,,,
match_6ec7daabd29e,1982,1982-06-15,team_b0ce0b49f97d,team_ea14e587f5a8,0,0,,,,
match_851d174d3e07,1982,1982-06-15,team_3b4bbcb74728,team_eedf141a7e7b,0,0,,,,
match_be6515edcb1f,1982,1982-06-15,team_32e8419a7ecb,team_9621cbb93d1b,0,0,,,,
match_2e651117e89c,1982,1982-06-16,team_79efb284d3e2,team_49f4fdc64da0,0,0,,,,
match_9d4cb92451ab,1982,1982-06-16,team_1747d4b2dd4b,team_1e28fe23fb14,0,0,,,,
match_fb348673ecb0,1982,1982-06-16,team_f48861ca24e2,team_e165d4f2174b,0,0,,,,
match_063a37539ec2,1982,1982-06-17,team_fd317045cbdc,team_6cd0c266688a,0,0,,,,
match_d052669f61b4,1982,1982-06-17,team_43c05d43f993,team_b18fa0d42ad9,0,0,,,,
match_e562639a0e17,1982,1982-06-17,team_950ebd5e5210,team_35380523e7c0,0,0,,,,
match_45507da6d88f,1982,1982-06-18,team_2a52adc7b1da,team_3b4bbcb74728,0,0,,,,
match_5e49a4fc0c78,1982,1982-06-18,team_6e5fa4d9c48c,team_b0ce0b49f97d,0,0,,,,
match_6afb537d6843,1982,1982-06-18,team_bab4ac375ada,team_32e8419a7ecb,0,0,,,,
match_36a1310378fc,1982,1982-06-19,team_e762c470514b,team_ea14e587f5a8,0,0,,,,
match_3a3346b33603,1982,1982-06-19,team_73fa01094ea6,team_eedf141a7e7b,0,0,,,,
match_d30babc8a7d4,1982,1982-06-19,team_6f08c5ddcdd0,team_9621cbb93d1b,0,0,,,,
match_0d19598b132d,1982,1982-06-20,team_1747d4b2dd4b,team_950ebd5e5210,0,0,,,,
match_44868d9909b8,1982,1982-06-20,team_f48861ca24e2,team_43c05d43f993,0,0,,,,
match_9590302a2ace,1982,1982-06-20,team_79efb284d3e2,team_fd317045cbdc,0,0,,,,
match_6306f011c1fc,1982,1982-06-21,team_49f4fdc64da0,team_6cd0c266688a,0,0,,,,
match_e1f06afb1de1,1982,1982-06-21,team_1e28fe23fb14,team_35380523e7c0,0,0,,,,
match_e8b2ce7aac48,1982,1982-06-21,team_e165d4f2174b,team_b18fa0d42ad9,0,0,,,,
match_3eb6cd87b96d,1982,1982-06-22,team_6f08c5ddcdd0,team_32e8419a7ecb,0,0,,,,
match_47a82e9cab77,1982,1982-06-22,team_e762c470514b,team_b0ce0b49f97d,0,0,,,,
match_8e9618320e12,1982,1982-06-22,team_73fa01094ea6,team_3b4bbcb74728,0,0,,,,
match_11f29fdaa2c1,1982,1982-06-23,team_2a52adc7b1da,team_eedf141a7e7b,0,0,,,,
match_380cdcc66959,1982,1982-06-23,team_6e5fa4d9c48c,team_ea14e587f5a8,0,0,,,,
match_f7841f66cfd5,1982,1982-06-23,team_bab4ac375ada,team_9621cbb93d1b,0,0,,,,
match_51cc3f470f4a,1982,1982-06-24,team_1e28fe23fb14,team_950ebd5e5210,0,0,,,,
match_b43770e8ce9a,1982,1982-06-24,team_e165d4f2174b,team_43c05d43f993,0,0,,,,
match_c23f12328a49,1982,1982-06-24,team_49f4fdc64da0,team_fd317045cbdc,0,0,,,,
match_227996aaf23e,1982,1982-06-25,team_f48861ca24e2,team_b18fa0d42ad9,0,0,,,,
match_534abcd037cd,1982,1982-06-25,team_35380523e7c0,team_1747d4b2dd4b,0,0,,,,
match_567402de271e,1982,1982-06-25,team_79efb284d3e2,team_6cd0c266688a,0,0,,,,
match_38f5c1be97e9,1982,1982-06-28,team_6cd0c266688a,team_e165d4f2174b,0,0,,,,
match_6f12a27c0724,1982,1982-06-28,team_6f08c5ddcdd0,team_73fa01094ea6,0,0,,,,
match_0fed25f595a4,1982,1982-06-29,team_79efb284d3e2,team_f48861ca24e2,0,0,,,,
match_e8bc448acd48,1982,1982-06-29,team_bab4ac375ada,team_2a52adc7b1da,0,0,,,,
match_54875a196f12,1982,1982-07-01,team_6cd0c266688a,team_35380523e7c0,0,0,,,,
match_8644d539e425,1982,1982-07-01,team_73fa01094ea6,team_e762c470514b,0,0,,,,
match_1380687f241c,1982,1982-07-02,team_2a52adc7b1da,team_6e5fa4d9c48c,0,0,,,,
match_34688bee2444,1982,1982-07-02,team_79efb284d3e2,team_1747d4b2dd4b,0,0,,,,
match_3c4f9b48f43c,1982,1982-07-04,team_e165d4f2174b,team_35380523e7c0,0,0,,,,
match_423ca47bb127,1982,1982-07-04,team_6f08c5ddcdd0,team_e762c470514b,0,0,,,,
match_131a7a3d8d2d,1982,1982-07-05,team_1747d4b2dd4b,team_f48861ca24e2,0,0,,,,
match_fcbed257db36,1982,1982-07-05,team_bab4ac375ada,team_6e5fa4d9c48c,0,0,,,,
match_4b9b78787031,1982,1982-07-08,team_79efb284d3e2,team_e165d4f2174b,0,0,,,,
match_752d2597f985,1982,1982-07-08,team_6f08c5ddcdd0,team_bab4ac375ada,0,0,,,,
match_8cd59c7d76a0,1982,1982-07-10,team_6f08c5ddcdd0,team_e165d4f2174b,0,0,,,,
match_4134563abef1,1982,1982-07-11,team_bab4ac375ada,team_79efb284d3e2,0,0,,,,
match_397634c02ca6,1986,1986-05-31,team_db5f14430304,team_bab4ac375ada,0,0,,,,
match_09d6f5fd3bf7,1986,1986-06-01,team_1747d4b2dd4b,team_6e5fa4d9c48c,0,0,,,,
match_305d8da0c890,1986,1986-06-01,team_c2aadac2ca30,team_e165d4f2174b,0,0,,,,
match_029ac6d075d1,1986,1986-06-02,team_217b6e5f0a09,team_6f08c5ddcdd0,0,0,,,,
match_2efdc21c38b9,1986,1986-06-02,team_e762c470514b,team_3b4bbcb74728,0,0,,,,
match_6da9b2543da2,1986,1986-06-02,team_2a52adc7b1da,team_3c6cfbc2415a,0,0,,,,
match_75df12ac80bf,1986,1986-06-03,team_ae0eea6eb6d6,team_f48861ca24e2,0,0,,,,
match_c0ce289aef41,1986,1986-06-03,team_73fa01094ea6,team_4edfc924721a,0,0,,,,
match_d45bedf553dd,1986,1986-06-03,team_49f4fdc64da0,team_35380523e7c0,0,0,,,,
match_5de12d0b8df3,1986,1986-06-04,team_b0ce0b49f97d,team_e9375700acbb,0,0,,,,
match_7ec7d764ab7b,1986,1986-06-04,team_9142ac5b229c,team_79efb284d3e2,0,0,,,,
match_8f9bf8e3b0cb,1986,1986-06-04,team_3bafbfd8bf5e,team_d3b1cee2327c,0,0,,,,
match_3f23a2304861,1986,1986-06-05,team_bab4ac375ada,team_2a52adc7b1da,0,0,,,,
match_50195778ae43,1986,1986-06-05,team_e165d4f2174b,team_e762c470514b,0,0,,,,
match_b8e0e3db378c,1986,1986-06-05,team_3c6cfbc2415a,team_db5f14430304,0,0,,,,
match_3702f33e543f,1986,1986-06-06,team_6e5fa4d9c48c,team_49f4fdc64da0,0,0,,,,
match_6303ae567352,1986,1986-06-06,team_f48861ca24e2,team_217b6e5f0a09,0,0,,,,
match_aabdad108ce9,1986,1986-06-06,team_3b4bbcb74728,team_c2aadac2ca30,0,0,,,,
match_5a8cbd5227a9,1986,1986-06-07,team_35380523e7c0,team_1747d4b2dd4b,0,0,,,,
match_5b251b537a44,1986,1986-06-07,team_6f08c5ddcdd0,team_ae0eea6eb6d6,0,0,,,,
match_83d8e96fb259,1986,1986-06-07,team_4edfc924721a,team_3bafbfd8bf5e,0,0,,,,
match_05bd2c6ebe1a,1986,1986-06-08,team_e9375700acbb,team_9142ac5b229c,0,0,,,,
match_51cb56034517,1986,1986-06-08,team_d3b1cee2327c,team_73fa01094ea6,0,0,,,,
match_dc183058896c,1986,1986-06-08,team_79efb284d3e2,team_b0ce0b49f97d,0,0,,,,
match_0473820aa3b2,1986,1986-06-09,team_3b4bbcb74728,team_e165d4f2174b,0,0,,,,
match_4588c86e3488,1986,1986-06-09,team_e762c470514b,team_c2aadac2ca30,0,0,,,,
match_26dee660fda4,1986,1986-06-10,team_3c6cfbc2415a,team_bab4ac375ada,0,0,,,,
match_6a9e85e392f7,1986,1986-06-10,team_2a52adc7b1da,team_db5f14430304,0,0,,,,
match_1c89babbfff3,1986,1986-06-11,team_ae0eea6eb6d6,team_217b6e5f0a09,0,0,,,,
match_257154a42ae7,1986,1986-06-11,team_f48861ca24e2,team_6f08c5ddcdd0,0,0,,,,
match_89c8f404619d,1986,1986-06-11,team_3bafbfd8bf5e,team_73fa01094ea6,0,0,,,,
match_d291b85d626d,1986,1986-06-11,team_d3b1cee2327c,team_4edfc924721a,0,0,,,,
match_386521300103,1986,1986-06-12,team_49f4fdc64da0,team_1747d4b2dd4b,0,0,,,,
match_a498082a2a60,1986,1986-06-12,team_35380523e7c0,team_6e5fa4d9c48c,0,0,,,,
match_3f3ff854187e,1986,1986-06-13,team_b0ce0b49f97d,team_9142ac5b229c,0,0,,,,
match_503f559005a6,1986,1986-06-13,team_e9375700acbb,team_79efb284d3e2,0,0,,,,
match_1e0c14867e16,1986,1986-06-15,team_4edfc924721a,team_db5f14430304,0,0,,,,
match_58ddc228e329,1986,1986-06-15,team_e762c470514b,team_73fa01094ea6,0,0,,,,
match_5cf5b3b2ea2b,1986,1986-06-16,team_6e5fa4d9c48c,team_6f08c5ddcdd0,0,0,,,,
match_ff030f080fb3,1986,1986-06-16,team_2a52adc7b1da,team_9142ac5b229c,0,0,,,,
match_8997a24cd801,1986,1986-06-17,team_bab4ac375ada,team_e165d4f2174b,0,0,,,,
match_b61ed20494df,1986,1986-06-17,team_217b6e5f0a09,team_79efb284d3e2,0,0,,,,
match_3ef706d76d70,1986,1986-06-18,team_e9375700acbb,team_1747d4b2dd4b,0,0,,,,
match_717a2906cbae,1986,1986-06-18,team_f48861ca24e2,team_3bafbfd8bf5e,0,0,,,,
match_5bbd5b845950,1986,1986-06-21,team_79efb284d3e2,team_4edfc924721a,0,0,,,,
match_88d9cb3cec53,1986,1986-06-21,team_6e5fa4d9c48c,team_e165d4f2174b,0,0,,,,
match_448458f466d6,1986,1986-06-22,team_1747d4b2dd4b,team_73fa01094ea6,0,0,,,,
match_df91f6865fa7,1986,1986-06-22,team_2a52adc7b1da,team_f48861ca24e2,0,0,,,,
match_0aebcc44a5b9,1986,1986-06-25,team_e165d4f2174b,team_79efb284d3e2,0,0,,,,
match_bf7bcb4565d2,1986,1986-06-25,team_2a52adc7b1da,team_73fa01094ea6,0,0,,,,
match_5a3be98922ac,1986,1986-06-28,team_e165d4f2174b,team_73fa01094ea6,0,0,,,,
match_4dba50ef9014,1986,1986-06-29,team_2a52adc7b1da,team_79efb284d3e2,0,0,,,,
match_9b94440bfafb,1990,1990-06-08,team_2a52adc7b1da,team_9621cbb93d1b,0,0,,,,
match_2b76fb8dbfc8,1990,1990-06-09,team_8882cbb50c41,team_25446782e2cc,0,0,,,,
match_d5eb964c64b7,1990,1990-06-09,team_e762c470514b,team_89055f975d7d,0,0,,,,
match_d805d3b45c11,1990,1990-06-09,team_bab4ac375ada,team_6cd0c266688a,0,0,,,,
match_00e2a3df641e,1990,1990-06-10,team_152649df347e,team_43c05d43f993,0,0,,,,
match_0da41fe88fc8,1990,1990-06-10,team_6e5fa4d9c48c,team_88e52ee42fd0,0,0,,,,
match_16b348a1bb05,1990,1990-06-10,team_79efb284d3e2,team_950ebd5e5210,0,0,,,,
match_0d47e09533d2,1990,1990-06-11,team_53bcde0ca059,team_b0ce0b49f97d,0,0,,,,
match_21b10a07b63c,1990,1990-06-11,team_f48861ca24e2,team_a66f852274a4,0,0,,,,
match_1facba6ec378,1990,1990-06-12,team_6123486432d2,team_4635c9536a61,0,0,,,,
match_2f5eb948f543,1990,1990-06-12,team_73fa01094ea6,team_3c6cfbc2415a,0,0,,,,
match_56a1c0fb6418,1990,1990-06-13,team_9142ac5b229c,team_1747d4b2dd4b,0,0,,,,
match_92b13da45329,1990,1990-06-13,team_2a52adc7b1da,team_e762c470514b,0,0,,,,
match_42ac71526b46,1990,1990-06-14,team_9621cbb93d1b,team_89055f975d7d,0,0,,,,
match_cc1636c10b60,1990,1990-06-14,team_950ebd5e5210,team_25446782e2cc,0,0,,,,
match_cea68db5ff8d,1990,1990-06-14,team_bab4ac375ada,team_152649df347e,0,0,,,,
match_4a1797005988,1990,1990-06-15,team_79efb284d3e2,team_8882cbb50c41,0,0,,,,
match_5fcf1dd8b594,1990,1990-06-15,team_6cd0c266688a,team_43c05d43f993,0,0,,,,
match_0771c8eec294,1990,1990-06-16,team_f48861ca24e2,team_6123486432d2,0,0,,,,
match_96706d0d103f,1990,1990-06-16,team_6e5fa4d9c48c,team_53bcde0ca059,0,0,,,,
match_e65dda061d1e,1990,1990-06-16,team_88e52ee42fd0,team_b0ce0b49f97d,0,0,,,,
match_5ab4a589ae08,1990,1990-06-17,team_73fa01094ea6,team_9142ac5b229c,0,0,,,,
match_878208541ecf,1990,1990-06-17,team_a66f852274a4,team_4635c9536a61,0,0,,,,
match_ee04dfa9bb7e,1990,1990-06-17,team_3c6cfbc2415a,team_1747d4b2dd4b,0,0,,,,
match_284634201473,1990,1990-06-18,team_9621cbb93d1b,team_e762c470514b,0,0,,,,
match_6f73b1d4d0b9,1990,1990-06-18,team_2a52adc7b1da,team_89055f975d7d,0,0,,,,
match_237a834fb98d,1990,1990-06-19,team_bab4ac375ada,team_43c05d43f993,0,0,,,,
match_6b69dc9365d4,1990,1990-06-19,team_6cd0c266688a,team_152649df347e,0,0,,,,
match_73b1c595725b,1990,1990-06-19,team_950ebd5e5210,team_8882cbb50c41,0,0,,,,
match_f30067747df0,1990,1990-06-19,team_79efb284d3e2,team_25446782e2cc,0,0,,,,
match_3547e599bf11,1990,1990-06-20,team_6e5fa4d9c48c,team_b0ce0b49f97d,0,0,,,,
match_c637b8a9e71d,1990,1990-06-20,team_88e52ee42fd0,team_53bcde0ca059,0,0,,,,
match_00fedad027c0,1990,1990-06-21,team_73fa01094ea6,team_1747d4b2dd4b,0,0,,,,
match_16a1f4db876c,1990,1990-06-21,team_a66f852274a4,team_6123486432d2,0,0,,,,
match_46058f4fbfca,1990,1990-06-21,team_f48861ca24e2,team_4635c9536a61,0,0,,,,
match_bc4d2486536d,1990,1990-06-21,team_3c6cfbc2415a,team_9142ac5b229c,0,0,,,,
match_56a9430578b7,1990,1990-06-23,team_9621cbb93d1b,team_25446782e2cc,0,0,,,,
match_905b67b75e10,1990,1990-06-23,team_43c05d43f993,team_53bcde0ca059,0,0,,,,
match_b28810887413,1990,1990-06-24,team_79efb284d3e2,team_6123486432d2,0,0,,,,
match_c92ad59e8c1a,1990,1990-06-24,team_6e5fa4d9c48c,team_2a52adc7b1da,0,0,,,,
match_6f1df3d16b64,1990,1990-06-25,team_a66f852274a4,team_89055f975d7d,0,0,,,,
match_805ee6d4d0c7,1990,1990-06-25,team_bab4ac375ada,team_9142ac5b229c,0,0,,,,
match_523191112e17,1990,1990-06-26,team_1747d4b2dd4b,team_950ebd5e5210,0,0,,,,
match_6f63c4567ccd,1990,1990-06-26,team_f48861ca24e2,team_73fa01094ea6,0,0,,,,
match_1da4e1b6ce34,1990,1990-06-30,team_950ebd5e5210,team_2a52adc7b1da,0,0,,,,
match_f3919d13765e,1990,1990-06-30,team_bab4ac375ada,team_a66f852274a4,0,0,,,,
match_85bcab0d2829,1990,1990-07-01,team_79efb284d3e2,team_43c05d43f993,0,0,,,,
match_e9cbc84eb270,1990,1990-07-01,team_f48861ca24e2,team_9621cbb93d1b,0,0,,,,
match_09b0c97a8884,1990,1990-07-03,team_bab4ac375ada,team_2a52adc7b1da,0,0,,,,
match_369e7ca85759,1990,1990-07-04,team_79efb284d3e2,team_f48861ca24e2,0,0,,,,
match_d676c74a0ad0,1990,1990-07-07,team_bab4ac375ada,team_f48861ca24e2,0,0,,,,
match_b03cf4cf5d8d,1990,1990-07-08,team_79efb284d3e2,team_2a52adc7b1da,0,0,,,,
match_24ab401684d2,1994,1994-06-17,team_28ef36b35ae8,team_76781be1c79d,0,0,,,,
match_38ef6f79f047,1994,1994-06-17,team_1747d4b2dd4b,team_3c6cfbc2415a,0,0,,,,
match_ebe85d2cc918,1994,1994-06-18,team_25446782e2cc,team_89055f975d7d,0,0,,,,
match_f0b250615ce7,1994,1994-06-18,team_bab4ac375ada,team_a66f852274a4,0,0,,,,
match_fd7cb15508dc,1994,1994-06-18,team_152649df347e,team_0d9c575f4f02,0,0,,,,
match_3897d853493d,1994,1994-06-19,team_e6e6854f6b71,team_4edfc924721a,0,0,,,,
match_6377cbad0489,1994,1994-06-19,team_73fa01094ea6,team_217b6e5f0a09,0,0,,,,
match_d2e0539e728e,1994,1994-06-19,team_9621cbb93d1b,team_88e52ee42fd0,0,0,,,,
match_806d967e8ad3,1994,1994-06-20,team_6123486432d2,team_5318efec44d1,0,0,,,,
match_d05bcda4412b,1994,1994-06-20,team_6e5fa4d9c48c,team_1c625cc86f82,0,0,,,,
match_189efb4101cb,1994,1994-06-21,team_2a52adc7b1da,team_40bdb0601848,0,0,,,,
match_2d0cc7e5abec,1994,1994-06-21,team_28ef36b35ae8,team_1747d4b2dd4b,0,0,,,,
match_762967b04973,1994,1994-06-21,team_f174114ad69e,team_db5f14430304,0,0,,,,
match_229dad14b68d,1994,1994-06-22,team_152649df347e,team_25446782e2cc,0,0,,,,
match_86262791d8b0,1994,1994-06-22,team_89055f975d7d,team_0d9c575f4f02,0,0,,,,
match_da74028c00ef,1994,1994-06-23,team_bab4ac375ada,team_e6e6854f6b71,0,0,,,,
match_efbf2c71890b,1994,1994-06-23,team_3c6cfbc2415a,team_76781be1c79d,0,0,,,,
match_2d445ad34e7b,1994,1994-06-24,team_4edfc924721a,team_a66f852274a4,0,0,,,,
match_ad316d029fe3,1994,1994-06-24,team_6e5fa4d9c48c,team_9621cbb93d1b,0,0,,,,
match_cc7287a21f6d,1994,1994-06-24,team_88e52ee42fd0,team_1c625cc86f82,0,0,,,,
match_6b6c67944fa7,1994,1994-06-25,team_73fa01094ea6,team_6123486432d2,0,0,,,,
match_8358fe82bc85,1994,1994-06-25,team_2a52adc7b1da,team_f174114ad69e,0,0,,,,
match_a54129842c0f,1994,1994-06-25,team_5318efec44d1,team_217b6e5f0a09,0,0,,,,
match_792bc8fa0a0f,1994,1994-06-26,team_db5f14430304,team_40bdb0601848,0,0,,,,
match_e678ab9610ab,1994,1994-06-26,team_152649df347e,team_89055f975d7d,0,0,,,,
match_f4305f0ed4bf,1994,1994-06-26,team_0d9c575f4f02,team_25446782e2cc,0,0,,,,
match_38bbb15073c3,1994,1994-06-27,team_28ef36b35ae8,team_3c6cfbc2415a,0,0,,,,
match_d37160b64734,1994,1994-06-27,team_76781be1c79d,team_1747d4b2dd4b,0,0,,,,
match_4e49076d1d4e,1994,1994-06-28,team_6e5fa4d9c48c,team_88e52ee42fd0,0,0,,,,
match_54236a05204b,1994,1994-06-28,team_a66f852274a4,team_e6e6854f6b71,0,0,,,,
match_9f20980a8406,1994,1994-06-28,team_1c625cc86f82,team_9621cbb93d1b,0,0,,,,
match_bdb037251e36,1994,1994-06-28,team_bab4ac375ada,team_4edfc924721a,0,0,,,,
match_4b4ef7718e56,1994,1994-06-29,team_217b6e5f0a09,team_6123486432d2,0,0,,,,
match_9d34823d06eb,1994,1994-06-29,team_73fa01094ea6,team_5318efec44d1,0,0,,,,
match_b6e00a3f05bc,1994,1994-06-30,team_2a52adc7b1da,team_db5f14430304,0,0,,,,
match_f4238183936b,1994,1994-06-30,team_40bdb0601848,team_f174114ad69e,0,0,,,,
match_5bd553655f0a,1994,1994-07-02,team_28ef36b35ae8,team_73fa01094ea6,0,0,,,,
match_d385aaeed328,1994,1994-07-02,team_1747d4b2dd4b,team_0d9c575f4f02,0,0,,,,
match_164ff7391f35,1994,1994-07-03,team_89055f975d7d,team_2a52adc7b1da,0,0,,,,
match_e103ac2e6184,1994,1994-07-03,team_5318efec44d1,team_88e52ee42fd0,0,0,,,,
match_175701a3825e,1994,1994-07-04,team_6123486432d2,team_a66f852274a4,0,0,,,,
match_eb01019f7320,1994,1994-07-04,team_6e5fa4d9c48c,team_152649df347e,0,0,,,,
match_42c217b3cc23,1994,1994-07-05,team_f174114ad69e,team_bab4ac375ada,0,0,,,,
match_80b1cbbb62c0,1994,1994-07-05,team_4edfc924721a,team_db5f14430304,0,0,,,,
match_3b0d4347abde,1994,1994-07-09,team_6123486432d2,team_6e5fa4d9c48c,0,0,,,,
match_e230ad7cdd34,1994,1994-07-09,team_bab4ac375ada,team_1747d4b2dd4b,0,0,,,,
match_3b10b540c6b5,1994,1994-07-10,team_db5f14430304,team_28ef36b35ae8,0,0,,,,
match_3d563150e0f4,1994,1994-07-10,team_89055f975d7d,team_88e52ee42fd0,0,0,,,,
match_4890e4e757d6,1994,1994-07-13,team_88e52ee42fd0,team_6e5fa4d9c48c,0,0,,,,
match_bdd6c99f8b32,1994,1994-07-13,team_db5f14430304,team_bab4ac375ada,0,0,,,,
match_550a9cb22d7c,1994,1994-07-16,team_88e52ee42fd0,team_db5f14430304,0,0,,,,
match_01a014e4b89e,1994,1994-07-17,team_6e5fa4d9c48c,team_bab4ac375ada,0,0,,,,
match_2cdd72b027ee,1998,1998-06-10,team_6e5fa4d9c48c,team_b0ce0b49f97d,0,0,,,,
match_62a390b2e2d7,1998,1998-06-10,team_217b6e5f0a09,team_e6e6854f6b71,0,0,,,,
match_36fb91d63eee,1998,1998-06-11,team_9621cbb93d1b,team_6cd0c266688a,0,0,,,,
match_4f1ef457c8a9,1998,1998-06-11,team_bab4ac375ada,team_fd317045cbdc,0,0,,,,
match_04bc47ec20a4,1998,1998-06-12,team_5318efec44d1,team_e9375700acbb,0,0,,,,
match_a738a6939755,1998,1998-06-12,team_3bafbfd8bf5e,team_db5f14430304,0,0,,,,
match_adcf7f6165d9,1998,1998-06-12,team_e165d4f2174b,team_c814068bbc92,0,0,,,,
match_0aea764770d8,1998,1998-06-13,team_1747d4b2dd4b,team_f174114ad69e,0,0,,,,
match_29583b2aa4b7,1998,1998-06-13,team_6123486432d2,team_73fa01094ea6,0,0,,,,
match_723a55966ce2,1998,1998-06-13,team_3c6cfbc2415a,team_4edfc924721a,0,0,,,,
match_10f7162f7217,1998,1998-06-14,team_2a52adc7b1da,team_578ed5a4eecf,0,0,,,,
match_168ef1755264,1998,1998-06-14,team_770105b98be2,team_267640588a39,0,0,,,,
match_cd8a2c34b6c3,1998,1998-06-14,team_735f8bffbc8b,team_6f0a7d56c2cd,0,0,,,,
match_74212e4ef097,1998,1998-06-15,team_f48861ca24e2,team_6b07fd4ea837,0,0,,,,
match_8617b9547284,1998,1998-06-15,team_28ef36b35ae8,team_152649df347e,0,0,,,,
match_dc2e241416a9,1998,1998-06-15,team_89055f975d7d,team_25446782e2cc,0,0,,,,
match_0d0c1a1e0015,1998,1998-06-16,team_6e5fa4d9c48c,team_217b6e5f0a09,0,0,,,,
match_e0f70299e203,1998,1998-06-16,team_b0ce0b49f97d,team_e6e6854f6b71,0,0,,,,
match_945cf8280e4d,1998,1998-06-17,team_fd317045cbdc,team_6cd0c266688a,0,0,,,,
match_f6f03be7625a,1998,1998-06-17,team_bab4ac375ada,team_9621cbb93d1b,0,0,,,,
match_43701fb1c5e7,1998,1998-06-18,team_e165d4f2174b,team_5318efec44d1,0,0,,,,
match_b41b7a3ff191,1998,1998-06-18,team_c814068bbc92,team_e9375700acbb,0,0,,,,
match_57bb9d06a98a,1998,1998-06-19,team_1747d4b2dd4b,team_3bafbfd8bf5e,0,0,,,,
match_b3c65c8078ab,1998,1998-06-19,team_f174114ad69e,team_db5f14430304,0,0,,,,
match_49e095b8737d,1998,1998-06-20,team_6123486432d2,team_3c6cfbc2415a,0,0,,,,
match_51f3882816a2,1998,1998-06-20,team_578ed5a4eecf,team_267640588a39,0,0,,,,
match_9d51213f33c7,1998,1998-06-20,team_73fa01094ea6,team_4edfc924721a,0,0,,,,
match_70ee58dea2bd,1998,1998-06-21,team_152649df347e,team_6f0a7d56c2cd,0,0,,,,
match_ac6ea9234af9,1998,1998-06-21,team_28ef36b35ae8,team_735f8bffbc8b,0,0,,,,
match_fe2c04550cb1,1998,1998-06-21,team_2a52adc7b1da,team_770105b98be2,0,0,,,,
match_0d6561bb04c1,1998,1998-06-22,team_25446782e2cc,team_6b07fd4ea837,0,0,,,,
match_370a439a80ea,1998,1998-06-22,team_89055f975d7d,team_f48861ca24e2,0,0,,,,
match_152435c399ba,1998,1998-06-23,team_6e5fa4d9c48c,team_e6e6854f6b71,0,0,,,,
match_61e5ead6dc00,1998,1998-06-23,team_bab4ac375ada,team_6cd0c266688a,0,0,,,,
match_b6912701c80d,1998,1998-06-23,team_b0ce0b49f97d,team_217b6e5f0a09,0,0,,,,
match_e8b2c17e89a7,1998,1998-06-23,team_fd317045cbdc,team_9621cbb93d1b,0,0,,,,
match_733946f7c4e0,1998,1998-06-24,team_e165d4f2174b,team_e9375700acbb,0,0,,,,
match_b2ffdbe0572c,1998,1998-06-24,team_c814068bbc92,team_5318efec44d1,0,0,,,,
match_c5e0aa11786f,1998,1998-06-24,team_f174114ad69e,team_3bafbfd8bf5e,0,0,,,,
match_e858f52a390b,1998,1998-06-24,team_1747d4b2dd4b,team_db5f14430304,0,0,,,,
match_831e637ec8d0,1998,1998-06-25,team_28ef36b35ae8,team_6f0a7d56c2cd,0,0,,,,
match_bc4c1777aa7f,1998,1998-06-25,team_152649df347e,team_735f8bffbc8b,0,0,,,,
match_dea795876977,1998,1998-06-25,team_73fa01094ea6,team_3c6cfbc2415a,0,0,,,,
match_edfaddeaade5,1998,1998-06-25,team_6123486432d2,team_4edfc924721a,0,0,,,,
match_4ece18695b90,1998,1998-06-26,team_578ed5a4eecf,team_770105b98be2,0,0,,,,
match_82acde461ac1,1998,1998-06-26,team_89055f975d7d,team_6b07fd4ea837,0,0,,,,
match_b551e53118dd,1998,1998-06-26,team_2a52adc7b1da,team_267640588a39,0,0,,,,
match_e15c24fcce5e,1998,1998-06-26,team_25446782e2cc,team_f48861ca24e2,0,0,,,,
match_2273d837665f,1998,1998-06-27,team_bab4ac375ada,team_e6e6854f6b71,0,0,,,,
match_fd56593e22cc,1998,1998-06-27,team_6e5fa4d9c48c,team_fd317045cbdc,0,0,,,,
match_7bbbf6fbe55a,1998,1998-06-28,team_f174114ad69e,team_e9375700acbb,0,0,,,,
match_9178161957da,1998,1998-06-28,team_e165d4f2174b,team_3bafbfd8bf5e,0,0,,,,
match_4e6ab5b648f2,1998,1998-06-29,team_6123486432d2,team_735f8bffbc8b,0,0,,,,
match_f364b861f53a,1998,1998-06-29,team_28ef36b35ae8,team_4edfc924721a,0,0,,,,
match_6d5e0397b3fc,1998,1998-06-30,team_89055f975d7d,team_267640588a39,0,0,,,,
match_a3f0db8f2f2e,1998,1998-06-30,team_2a52adc7b1da,team_f48861ca24e2,0,0,,,,
match_920ea64b49ef,1998,1998-07-03,team_6e5fa4d9c48c,team_e9375700acbb,0,0,,,,
match_da909e436d3d,1998,1998-07-03,team_bab4ac375ada,team_e165d4f2174b,0,0,,,,
match_39eb53cc7ad3,1998,1998-07-04,team_28ef36b35ae8,team_267640588a39,0,0,,,,
match_aacbbf5bffdc,1998,1998-07-04,team_6123486432d2,team_2a52adc7b1da,0,0,,,,
match_5af1b6090116,1998,1998-07-07,team_6e5fa4d9c48c,team_6123486432d2,0,0,,,,
match_e60a6afef951,1998,1998-07-08,team_e165d4f2174b,team_267640588a39,0,0,,,,
match_4d5c2ac4360f,1998,1998-07-11,team_6123486432d2,team_267640588a39,0,0,,,,
match_5049ae65bc28,1998,1998-07-12,team_6e5fa4d9c48c,team_e165d4f2174b,0,0,,,,
match_8948f5133e4b,2002,2002-05-31,team_e165d4f2174b,team_531ba498ac86,0,0,,,,
match_0db415e98f71,2002,2002-06-01,team_a66f852274a4,team_9621cbb93d1b,0,0,,,,
match_2a8ee4d1f85a,2002,2002-06-01,team_28ef36b35ae8,team_5318efec44d1,0,0,,,,
match_f31005e39ada,2002,2002-06-01,team_9142ac5b229c,team_e9375700acbb,0,0,,,,
match_4723e3026faa,2002,2002-06-02,team_3bafbfd8bf5e,team_c814068bbc92,0,0,,,,
match_607d5e485f7e,2002,2002-06-02,team_2a52adc7b1da,team_f174114ad69e,0,0,,,,
match_81123ac7cc4b,2002,2002-06-02,team_f48861ca24e2,team_88e52ee42fd0,0,0,,,,
match_d9a37f3ca934,2002,2002-06-02,team_1747d4b2dd4b,team_7f65809a80ea,0,0,,,,
match_255b7f757d06,2002,2002-06-03,team_6e5fa4d9c48c,team_bb3db6b18c5c,0,0,,,,
match_cce69d805e70,2002,2002-06-03,team_267640588a39,team_4edfc924721a,0,0,,,,
match_ec61b6c7f764,2002,2002-06-03,team_bab4ac375ada,team_2b4a1835a0aa,0,0,,,,
match_0bf959084ecc,2002,2002-06-04,team_3c6cfbc2415a,team_6f08c5ddcdd0,0,0,,,,
match_340c61d114a1,2002,2002-06-04,team_578ed5a4eecf,team_73fa01094ea6,0,0,,,,
match_a0d494814181,2002,2002-06-04,team_8a7d7ba288ca,team_53bcde0ca059,0,0,,,,
match_3c3e99a269a7,2002,2002-06-05,team_28ef36b35ae8,team_a66f852274a4,0,0,,,,
match_8d642918dbc1,2002,2002-06-05,team_1c625cc86f82,team_6b07fd4ea837,0,0,,,,
match_aa307d57e524,2002,2002-06-05,team_152649df347e,team_ae0eea6eb6d6,0,0,,,,
match_0a095c468341,2002,2002-06-06,team_e9375700acbb,team_531ba498ac86,0,0,,,,
match_23fd0e49f9e2,2002,2002-06-06,team_9621cbb93d1b,team_5318efec44d1,0,0,,,,
match_669c128e4a50,2002,2002-06-06,team_e165d4f2174b,team_9142ac5b229c,0,0,,,,
match_07078c9899b2,2002,2002-06-07,team_88e52ee42fd0,team_f174114ad69e,0,0,,,,
match_7d7b0f8a755c,2002,2002-06-07,team_1747d4b2dd4b,team_3bafbfd8bf5e,0,0,,,,
match_a130ee6c2013,2002,2002-06-07,team_2a52adc7b1da,team_f48861ca24e2,0,0,,,,
match_0cef2502a396,2002,2002-06-08,team_6e5fa4d9c48c,team_8a7d7ba288ca,0,0,,,,
match_781473efcf16,2002,2002-06-08,team_bab4ac375ada,team_267640588a39,0,0,,,,
match_931d0218811c,2002,2002-06-08,team_c814068bbc92,team_7f65809a80ea,0,0,,,,
match_13f35b83c3c9,2002,2002-06-09,team_4edfc924721a,team_2b4a1835a0aa,0,0,,,,
match_4c90442ab713,2002,2002-06-09,team_53bcde0ca059,team_bb3db6b18c5c,0,0,,,,
match_d7648dcecd35,2002,2002-06-09,team_578ed5a4eecf,team_1c625cc86f82,0,0,,,,
match_08f58c6fc11f,2002,2002-06-10,team_ae0eea6eb6d6,team_6f08c5ddcdd0,0,0,,,,
match_6e5289d2f41f,2002,2002-06-10,team_6b07fd4ea837,team_73fa01094ea6,0,0,,,,
match_7cc380e864c6,2002,2002-06-10,team_3c6cfbc2415a,team_152649df347e,0,0,,,,
match_b4ac276130b3,2002,2002-06-11,team_9621cbb93d1b,team_28ef36b35ae8,0,0,,,,
match_d088ca54f510,2002,2002-06-11,team_531ba498ac86,team_9142ac5b229c,0,0,,,,
match_e7e4f657dcaf,2002,2002-06-11,team_5318efec44d1,team_a66f852274a4,0,0,,,,
match_f7b2556ecc89,2002,2002-06-11,team_e9375700acbb,team_e165d4f2174b,0,0,,,,
match_5766caa91659,2002,2002-06-12,team_f174114ad69e,team_f48861ca24e2,0,0,,,,
match_82bece52e71b,2002,2002-06-12,team_7f65809a80ea,team_3bafbfd8bf5e,0,0,,,,
match_886739ba8bf2,2002,2002-06-12,team_c814068bbc92,team_1747d4b2dd4b,0,0,,,,
match_cb7415f79d14,2002,2002-06-12,team_88e52ee42fd0,team_2a52adc7b1da,0,0,,,,
match_61f0ace8ff03,2002,2002-06-13,team_2b4a1835a0aa,team_267640588a39,0,0,,,,
match_8ecce82c8eda,2002,2002-06-13,team_53bcde0ca059,team_6e5fa4d9c48c,0,0,,,,
match_b0cdbad2c6c9,2002,2002-06-13,team_bb3db6b18c5c,team_8a7d7ba288ca,0,0,,,,
match_be8572f6590b,2002,2002-06-13,team_4edfc924721a,team_bab4ac375ada,0,0,,,,
match_01251b086132,2002,2002-06-14,team_ae0eea6eb6d6,team_3c6cfbc2415a,0,0,,,,
match_67324df48fec,2002,2002-06-14,team_73fa01094ea6,team_1c625cc86f82,0,0,,,,
match_8617b73ee2cd,2002,2002-06-14,team_6b07fd4ea837,team_578ed5a4eecf,0,0,,,,
match_eb85ef12a53f,2002,2002-06-14,team_6f08c5ddcdd0,team_152649df347e,0,0,,,,
match_595672cad1b4,2002,2002-06-15,team_e9375700acbb,team_f48861ca24e2,0,0,,,,
match_61049cb3f9ee,2002,2002-06-15,team_28ef36b35ae8,team_3bafbfd8bf5e,0,0,,,,
match_0ecac6b8d200,2002,2002-06-16,team_1747d4b2dd4b,team_a66f852274a4,0,0,,,,
match_8f81cf223f3d,2002,2002-06-16,team_88e52ee42fd0,team_531ba498ac86,0,0,,,,
match_29a2e4136c35,2002,2002-06-17,team_4edfc924721a,team_152649df347e,0,0,,,,
match_df2fb25ad4d4,2002,2002-06-17,team_6e5fa4d9c48c,team_73fa01094ea6,0,0,,,,
match_574344bb2774,2002,2002-06-18,team_3c6cfbc2415a,team_bab4ac375ada,0,0,,,,
match_6d87f8f037d5,2002,2002-06-18,team_578ed5a4eecf,team_bb3db6b18c5c,0,0,,,,
match_749f59bc5761,2002,2002-06-21,team_f48861ca24e2,team_6e5fa4d9c48c,0,0,,,,
match_8807d0df4379,2002,2002-06-21,team_28ef36b35ae8,team_152649df347e,0,0,,,,
match_9d1da697a735,2002,2002-06-22,team_531ba498ac86,team_bb3db6b18c5c,0,0,,,,
match_c6299efffdc0,2002,2002-06-22,team_1747d4b2dd4b,team_3c6cfbc2415a,0,0,,,,
match_8b6358ac259c,2002,2002-06-25,team_28ef36b35ae8,team_3c6cfbc2415a,0,0,,,,
match_614c8e1c75b8,2002,2002-06-26,team_6e5fa4d9c48c,team_bb3db6b18c5c,0,0,,,,
match_1a9c646d5db1,2002,2002-06-29,team_3c6cfbc2415a,team_bb3db6b18c5c,0,0,,,,
match_932b71124d7d,2002,2002-06-30,team_28ef36b35ae8,team_6e5fa4d9c48c,0,0,,,,
match_d75b0bb2f95f,2006,2006-06-09,team_6f08c5ddcdd0,team_2b4a1835a0aa,0,0,,,,
match_fe9c28bc18ee,2006,2006-06-09,team_28ef36b35ae8,team_53bcde0ca059,0,0,,,,
match_6c8cbc651fdf,2006,2006-06-10,team_86fb06da27ba,team_88e52ee42fd0,0,0,,,,
match_b243e950ab4b,2006,2006-06-10,team_f48861ca24e2,team_3bafbfd8bf5e,0,0,,,,
match_cc0c51ba5289,2006,2006-06-10,team_2a52adc7b1da,team_55dba37b84c9,0,0,,,,
match_33fd6e2db93f,2006,2006-06-11,team_a7ac62476990,team_6123486432d2,0,0,,,,
match_63e9d3fabc82,2006,2006-06-11,team_e5e0bd43b7f1,team_ae0eea6eb6d6,0,0,,,,
match_cc88a33d38d6,2006,2006-06-11,team_4edfc924721a,team_6f0a7d56c2cd,0,0,,,,
match_a8c6c8a927d0,2006,2006-06-12,team_152649df347e,team_98793b57b620,0,0,,,,
match_d465baf8eb74,2006,2006-06-12,team_fb2a54d63748,team_578ed5a4eecf,0,0,,,,
match_e73bd5e6e2d4,2006,2006-06-12,team_bab4ac375ada,team_0e6049dbb2ce,0,0,,,,
match_0d52a080bdb5,2006,2006-06-13,team_e165d4f2174b,team_0d9c575f4f02,0,0,,,,
match_31ddb24a91dc,2006,2006-06-13,team_3c6cfbc2415a,team_da6f471bab16,0,0,,,,
match_febeb3cb5810,2006,2006-06-13,team_6e5fa4d9c48c,team_267640588a39,0,0,,,,
match_5a05d0019ce8,2006,2006-06-14,team_28ef36b35ae8,team_6f08c5ddcdd0,0,0,,,,
match_a6119577f852,2006,2006-06-14,team_6b07fd4ea837,team_5318efec44d1,0,0,,,,
match_d3d4f124f4a9,2006,2006-06-14,team_1747d4b2dd4b,team_4b0f1559226d,0,0,,,,
match_2a7605df17ec,2006,2006-06-15,team_88e52ee42fd0,team_3bafbfd8bf5e,0,0,,,,
match_6f3dd66f48dc,2006,2006-06-15,team_2b4a1835a0aa,team_53bcde0ca059,0,0,,,,
match_baeadaa41a02,2006,2006-06-15,team_f48861ca24e2,team_86fb06da27ba,0,0,,,,
match_5cf205759a7f,2006,2006-06-16,team_2a52adc7b1da,team_a7ac62476990,0,0,,,,
match_b9a51e9f42fe,2006,2006-06-16,team_6123486432d2,team_55dba37b84c9,0,0,,,,
match_deb965ff8a96,2006,2006-06-16,team_4edfc924721a,team_e5e0bd43b7f1,0,0,,,,
match_5b4818db4d78,2006,2006-06-17,team_98793b57b620,team_0e6049dbb2ce,0,0,,,,
match_bbb96a3d63c1,2006,2006-06-17,team_bab4ac375ada,team_152649df347e,0,0,,,,
match_e6114a99f065,2006,2006-06-17,team_ae0eea6eb6d6,team_6f0a7d56c2cd,0,0,,,,
match_306d93259f57,2006,2006-06-18,team_6e5fa4d9c48c,team_fb2a54d63748,0,0,,,,
match_9a8b1fd50058,2006,2006-06-18,team_e165d4f2174b,team_3c6cfbc2415a,0,0,,,,
match_bd54565fc93d,2006,2006-06-18,team_578ed5a4eecf,team_267640588a39,0,0,,,,
match_0435f87a7656,2006,2006-06-19,team_5318efec44d1,team_4b0f1559226d,0,0,,,,
match_9761a60af99a,2006,2006-06-19,team_1747d4b2dd4b,team_6b07fd4ea837,0,0,,,,
match_c85103947e3c,2006,2006-06-19,team_da6f471bab16,team_0d9c575f4f02,0,0,,,,
match_4171ed24076f,2006,2006-06-20,team_53bcde0ca059,team_6f08c5ddcdd0,0,0,,,,
match_a0a157f8c41c,2006,2006-06-20,team_2b4a1835a0aa,team_28ef36b35ae8,0,0,,,,
match_d9bb9289e65c,2006,2006-06-20,team_3bafbfd8bf5e,team_86fb06da27ba,0,0,,,,
match_f94999092deb,2006,2006-06-20,team_88e52ee42fd0,team_f48861ca24e2,0,0,,,,
match_1164a9bfe08c,2006,2006-06-21,team_ae0eea6eb6d6,team_4edfc924721a,0,0,,,,
match_1e99146b3c91,2006,2006-06-21,team_6123486432d2,team_2a52adc7b1da,0,0,,,,
match_82f0f9b95adc,2006,2006-06-21,team_55dba37b84c9,team_a7ac62476990,0,0,,,,
match_a3e6a7e02a67,2006,2006-06-21,team_6f0a7d56c2cd,team_e5e0bd43b7f1,0,0,,,,
match_3c00552af33e,2006,2006-06-22,team_98793b57b620,team_bab4ac375ada,0,0,,,,
match_6813a0176740,2006,2006-06-22,team_578ed5a4eecf,team_6e5fa4d9c48c,0,0,,,,
match_98a0c8b17fd4,2006,2006-06-22,team_0e6049dbb2ce,team_152649df347e,0,0,,,,
match_ac52be12144c,2006,2006-06-22,team_267640588a39,team_fb2a54d63748,0,0,,,,
match_be35a6aae715,2006,2006-06-23,team_0d9c575f4f02,team_3c6cfbc2415a,0,0,,,,
match_d0a46aaf2220,2006,2006-06-23,team_4b0f1559226d,team_6b07fd4ea837,0,0,,,,
match_fbabf3159258,2006,2006-06-23,team_da6f471bab16,team_e165d4f2174b,0,0,,,,
match_fd4a86bddd13,2006,2006-06-23,team_5318efec44d1,team_1747d4b2dd4b,0,0,,,,
match_67a851a52c83,2006,2006-06-24,team_28ef36b35ae8,team_88e52ee42fd0,0,0,,,,
match_c9751c7e8d8d,2006,2006-06-24,team_2a52adc7b1da,team_4edfc924721a,0,0,,,,
match_0c039f3ab488,2006,2006-06-25,team_ae0eea6eb6d6,team_6123486432d2,0,0,,,,
match_b572903f7d7d,2006,2006-06-25,team_f48861ca24e2,team_2b4a1835a0aa,0,0,,,,
match_d25a247a9cd7,2006,2006-06-26,team_bab4ac375ada,team_fb2a54d63748,0,0,,,,
match_f636dddc05be,2006,2006-06-26,team_0d9c575f4f02,team_4b0f1559226d,0,0,,,,
match_9a893538765c,2006,2006-06-27,team_6e5fa4d9c48c,team_0e6049dbb2ce,0,0,,,,
match_fdb439a16f8e,2006,2006-06-27,team_1747d4b2dd4b,team_e165d4f2174b,0,0,,,,
match_44da8feeb787,2006,2006-06-30,team_28ef36b35ae8,team_2a52adc7b1da,0,0,,,,
match_65458d2354f8,2006,2006-06-30,team_bab4ac375ada,team_4b0f1559226d,0,0,,,,
match_60cd60b8a67d,2006,2006-07-01,team_6e5fa4d9c48c,team_e165d4f2174b,0,0,,,,
match_d73016c72b28,2006,2006-07-01,team_f48861ca24e2,team_ae0eea6eb6d6,0,0,,,,
match_84c7e40f97db,2006,2006-07-04,team_28ef36b35ae8,team_bab4ac375ada,0,0,,,,
match_76b5c53961d9,2006,2006-07-05,team_ae0eea6eb6d6,team_e165d4f2174b,0,0,,,,
match_638181c9547c,2006,2006-07-08,team_28ef36b35ae8,team_ae0eea6eb6d6,0,0,,,,
match_b1738fd6b9f0,2006,2006-07-09,team_bab4ac375ada,team_e165d4f2174b,0,0,,,,
match_4beb55d47895,2010,2010-06-11,team_9142ac5b229c,team_e165d4f2174b,0,0,,,,
match_6d332de38379,2010,2010-06-11,team_c814068bbc92,team_4edfc924721a,0,0,,,,
match_885c05d1c460,2010,2010-06-12,team_2a52adc7b1da,team_f174114ad69e,0,0,,,,
match_ae6b0b15a6dd,2010,2010-06-12,team_f48861ca24e2,team_152649df347e,0,0,,,,
match_fe3a29a7cf62,2010,2010-06-12,team_3c6cfbc2415a,team_40bdb0601848,0,0,,,,
match_56390ace74bb,2010,2010-06-13,team_49f4fdc64da0,team_7f65809a80ea,0,0,,,,
match_89764594046d,2010,2010-06-13,team_a3867434e7dc,team_0e6049dbb2ce,0,0,,,,
match_94fde855b459,2010,2010-06-13,team_28ef36b35ae8,team_fb2a54d63748,0,0,,,,
match_5382383d6aa2,2010,2010-06-14,team_578ed5a4eecf,team_9621cbb93d1b,0,0,,,,
match_eeb53d2390c7,2010,2010-06-14,team_bab4ac375ada,team_3bafbfd8bf5e,0,0,,,,
match_f18d80c33b2b,2010,2010-06-14,team_6123486432d2,team_e9375700acbb,0,0,,,,
match_1977cbf2cc74,2010,2010-06-15,team_55dba37b84c9,team_ae0eea6eb6d6,0,0,,,,
match_e78216e488ee,2010,2010-06-15,team_6e5fa4d9c48c,team_a9f3e4aa0834,0,0,,,,
match_ea8c05901d08,2010,2010-06-15,team_ea14e587f5a8,team_f64a398fc678,0,0,,,,
match_27b38c67ec93,2010,2010-06-16,team_1747d4b2dd4b,team_0d9c575f4f02,0,0,,,,
match_3c2aedac227a,2010,2010-06-16,team_1e28fe23fb14,team_fd317045cbdc,0,0,,,,
match_e560b3090f89,2010,2010-06-16,team_c814068bbc92,team_9142ac5b229c,0,0,,,,
match_8730b3125e08,2010,2010-06-17,team_2a52adc7b1da,team_3c6cfbc2415a,0,0,,,,
match_9f9f67653593,2010,2010-06-17,team_e165d4f2174b,team_4edfc924721a,0,0,,,,
match_b2888b412979,2010,2010-06-17,team_40bdb0601848,team_f174114ad69e,0,0,,,,
match_39d66294377e,2010,2010-06-18,team_f48861ca24e2,team_49f4fdc64da0,0,0,,,,
match_79c4506c4b7d,2010,2010-06-18,team_28ef36b35ae8,team_a3867434e7dc,0,0,,,,
match_ba6495ae6246,2010,2010-06-18,team_7f65809a80ea,team_152649df347e,0,0,,,,
match_0be0eaff9e8e,2010,2010-06-19,team_6123486432d2,team_578ed5a4eecf,0,0,,,,
match_7e82d87f3a4b,2010,2010-06-19,team_0e6049dbb2ce,team_fb2a54d63748,0,0,,,,
match_91bb402cf679,2010,2010-06-19,team_9621cbb93d1b,team_e9375700acbb,0,0,,,,
match_7f60aa7d5e32,2010,2010-06-20,team_f64a398fc678,team_3bafbfd8bf5e,0,0,,,,
match_94055b3e8e99,2010,2010-06-20,team_bab4ac375ada,team_ea14e587f5a8,0,0,,,,
match_e4042d5d85f2,2010,2010-06-20,team_6e5fa4d9c48c,team_55dba37b84c9,0,0,,,,
match_3ad001a7fb1c,2010,2010-06-21,team_1747d4b2dd4b,team_1e28fe23fb14,0,0,,,,
match_bede7c3ffa53,2010,2010-06-21,team_ae0eea6eb6d6,team_a9f3e4aa0834,0,0,,,,
match_c68a3e002ce8,2010,2010-06-21,team_fd317045cbdc,team_0d9c575f4f02,0,0,,,,
match_0d076caccb87,2010,2010-06-22,team_4edfc924721a,team_9142ac5b229c,0,0,,,,
match_1537ccc2a672,2010,2010-06-22,team_f174114ad69e,team_3c6cfbc2415a,0,0,,,,
match_338cda044346,2010,2010-06-22,team_40bdb0601848,team_2a52adc7b1da,0,0,,,,
match_b68fe9abf7b9,2010,2010-06-22,team_e165d4f2174b,team_c814068bbc92,0,0,,,,
match_5c191ca8ec29,2010,2010-06-23,team_fb2a54d63748,team_a3867434e7dc,0,0,,,,
match_806e35ee952d,2010,2010-06-23,team_0e6049dbb2ce,team_28ef36b35ae8,0,0,,,,
match_9f02cbd7620c,2010,2010-06-23,team_152649df347e,team_49f4fdc64da0,0,0,,,,
match_ec19cb1f0a83,2010,2010-06-23,team_7f65809a80ea,team_f48861ca24e2,0,0,,,,
match_1514027a6cf6,2010,2010-06-24,team_3bafbfd8bf5e,team_ea14e587f5a8,0,0,,,,
match_2874d7ca4e82,2010,2010-06-24,team_e9375700acbb,team_578ed5a4eecf,0,0,,,,
match_bbd880da561d,2010,2010-06-24,team_f64a398fc678,team_bab4ac375ada,0,0,,,,
match_e16b84b5546c,2010,2010-06-24,team_9621cbb93d1b,team_6123486432d2,0,0,,,,
match_442e342d0e52,2010,2010-06-25,team_ae0eea6eb6d6,team_6e5fa4d9c48c,0,0,,,,
match_9f556e1cb2e6,2010,2010-06-25,team_a9f3e4aa0834,team_55dba37b84c9,0,0,,,,
match_e8451e4f4485,2010,2010-06-25,team_0d9c575f4f02,team_1e28fe23fb14,0,0,,,,
match_f522f09dcf58,2010,2010-06-25,team_fd317045cbdc,team_1747d4b2dd4b,0,0,,,,
match_03eb11d0c4d7,2010,2010-06-26,team_9142ac5b229c,team_3c6cfbc2415a,0,0,,,,
match_7872d18223b6,2010,2010-06-26,team_152649df347e,team_0e6049dbb2ce,0,0,,,,
match_2c9abbe9217a,2010,2010-06-27,team_2a52adc7b1da,team_4edfc924721a,0,0,,,,
match_dd3b8e53aa37,2010,2010-06-27,team_28ef36b35ae8,team_f48861ca24e2,0,0,,,,
match_7fd5081d7dec,2010,2010-06-28,team_6e5fa4d9c48c,team_fd317045cbdc,0,0,,,,
match_ab321278d453,2010,2010-06-28,team_6123486432d2,team_f64a398fc678,0,0,,,,
match_63657d25b8f0,2010,2010-06-29,team_1747d4b2dd4b,team_ae0eea6eb6d6,0,0,,,,
match_9125989e616d,2010,2010-06-29,team_3bafbfd8bf5e,team_578ed5a4eecf,0,0,,,,
match_c024bf96d2fb,2010,2010-07-02,team_6123486432d2,team_6e5fa4d9c48c,0,0,,,,
match_fbd6bd67d7cc,2010,2010-07-02,team_9142ac5b229c,team_0e6049dbb2ce,0,0,,,,
match_64557be68652,2010,2010-07-03,team_2a52adc7b1da,team_28ef36b35ae8,0,0,,,,
match_ea16d09ac01d,2010,2010-07-03,team_3bafbfd8bf5e,team_1747d4b2dd4b,0,0,,,,
match_07ef6142599e,2010,2010-07-06,team_9142ac5b229c,team_6123486432d2,0,0,,,,
match_91fb4922b109,2010,2010-07-07,team_28ef36b35ae8,team_1747d4b2dd4b,0,0,,,,
match_deb597f21c88,2010,2010-07-10,team_9142ac5b229c,team_28ef36b35ae8,0,0,,,,
match_c61afec22572,2010,2010-07-11,team_6123486432d2,team_1747d4b2dd4b,0,0,,,,
match_5b60f0641bad,2014,2014-06-12,team_6e5fa4d9c48c,team_267640588a39,0,0,,,,
match_09fd16763f30,2014,2014-06-13,team_4edfc924721a,team_9621cbb93d1b,0,0,,,,
match_54ccf64c3466,2014,2014-06-13,team_fd317045cbdc,team_fb2a54d63748,0,0,,,,
match_e174c217ca8c,2014,2014-06-13,team_1747d4b2dd4b,team_6123486432d2,0,0,,,,
match_3483c1b1f8ab,2014,2014-06-14,team_f48861ca24e2,team_bab4ac375ada,0,0,,,,
match_529113984825,2014,2014-06-14,team_25446782e2cc,team_40bdb0601848,0,0,,,,
match_7c2ebf021375,2014,2014-06-14,team_9142ac5b229c,team_53bcde0ca059,0,0,,,,
match_a70f288e9051,2014,2014-06-14,team_55dba37b84c9,team_578ed5a4eecf,0,0,,,,
match_1853e0ec2367,2014,2014-06-15,team_2a52adc7b1da,team_196fafef3e56,0,0,,,,
match_83ba1bd24b20,2014,2014-06-15,team_0d9c575f4f02,team_2b4a1835a0aa,0,0,,,,
match_b17b30e087df,2014,2014-06-15,team_e165d4f2174b,team_1e28fe23fb14,0,0,,,,
match_23031242a3e5,2014,2014-06-16,team_6f0a7d56c2cd,team_f174114ad69e,0,0,,,,
match_60e6c6b7aa39,2014,2014-06-16,team_0e6049dbb2ce,team_152649df347e,0,0,,,,
match_fe32ec6ff3f6,2014,2014-06-16,team_28ef36b35ae8,team_ae0eea6eb6d6,0,0,,,,
match_1a443ae9599e,2014,2014-06-17,team_6e5fa4d9c48c,team_4edfc924721a,0,0,,,,
match_4f8bcd68f967,2014,2014-06-17,team_73fa01094ea6,team_49f4fdc64da0,0,0,,,,
match_ad6ee42f2c86,2014,2014-06-17,team_1c625cc86f82,team_3c6cfbc2415a,0,0,,,,
match_4e7a74bf439f,2014,2014-06-18,team_fb2a54d63748,team_6123486432d2,0,0,,,,
match_b9b6c3903e25,2014,2014-06-18,team_1747d4b2dd4b,team_fd317045cbdc,0,0,,,,
match_fcac5f653d27,2014,2014-06-18,team_9621cbb93d1b,team_267640588a39,0,0,,,,
match_8859b9bdf149,2014,2014-06-19,team_9142ac5b229c,team_f48861ca24e2,0,0,,,,
match_8f8d05ca976d,2014,2014-06-19,team_25446782e2cc,team_55dba37b84c9,0,0,,,,
match_f8c618d27fea,2014,2014-06-19,team_578ed5a4eecf,team_40bdb0601848,0,0,,,,
match_435b4fa4d41c,2014,2014-06-20,team_bab4ac375ada,team_53bcde0ca059,0,0,,,,
match_760967257c31,2014,2014-06-20,team_0d9c575f4f02,team_e165d4f2174b,0,0,,,,
match_9c481f24a2af,2014,2014-06-20,team_1e28fe23fb14,team_2b4a1835a0aa,0,0,,,,
match_131667a8ee0a,2014,2014-06-21,team_f174114ad69e,team_196fafef3e56,0,0,,,,
match_376fe34133bc,2014,2014-06-21,team_28ef36b35ae8,team_0e6049dbb2ce,0,0,,,,
match_f5a65ca051f6,2014,2014-06-21,team_2a52adc7b1da,team_6f0a7d56c2cd,0,0,,,,
match_0ae6a66c903c,2014,2014-06-22,team_73fa01094ea6,team_1c625cc86f82,0,0,,,,
match_8f32e289eb02,2014,2014-06-22,team_3c6cfbc2415a,team_49f4fdc64da0,0,0,,,,
match_f545ef1c7f8e,2014,2014-06-22,team_152649df347e,team_ae0eea6eb6d6,0,0,,,,
match_2de6ade34a91,2014,2014-06-23,team_9621cbb93d1b,team_6e5fa4d9c48c,0,0,,,,
match_32b62c135eb4,2014,2014-06-23,team_fb2a54d63748,team_1747d4b2dd4b,0,0,,,,
match_3d144e2b8034,2014,2014-06-23,team_6123486432d2,team_fd317045cbdc,0,0,,,,
match_b9380a0838b2,2014,2014-06-23,team_267640588a39,team_4edfc924721a,0,0,,,,
match_231789735959,2014,2014-06-24,team_40bdb0601848,team_55dba37b84c9,0,0,,,,
match_2716508b2b4a,2014,2014-06-24,team_578ed5a4eecf,team_25446782e2cc,0,0,,,,
match_304e6aeb2f35,2014,2014-06-24,team_53bcde0ca059,team_f48861ca24e2,0,0,,,,
match_e19f884f2939,2014,2014-06-24,team_bab4ac375ada,team_9142ac5b229c,0,0,,,,
match_0f2ee5b0ebbe,2014,2014-06-25,team_196fafef3e56,team_6f0a7d56c2cd,0,0,,,,
match_7cfd0b5d724b,2014,2014-06-25,team_f174114ad69e,team_2a52adc7b1da,0,0,,,,
match_a8eccea05550,2014,2014-06-25,team_2b4a1835a0aa,team_e165d4f2174b,0,0,,,,
match_f43d86bc5853,2014,2014-06-25,team_1e28fe23fb14,team_0d9c575f4f02,0,0,,,,
match_02de699b385f,2014,2014-06-26,team_49f4fdc64da0,team_1c625cc86f82,0,0,,,,
match_8cacd05354c7,2014,2014-06-26,team_152649df347e,team_28ef36b35ae8,0,0,,,,
match_b4a906c06b36,2014,2014-06-26,team_ae0eea6eb6d6,team_0e6049dbb2ce,0,0,,,,
match_c4e30915b07a,2014,2014-06-26,team_3c6cfbc2415a,team_73fa01094ea6,0,0,,,,
match_97beb2c0abf6,2014,2014-06-28,team_25446782e2cc,team_9142ac5b229c,0,0,,,,
match_fc4153250beb,2014,2014-06-28,team_6e5fa4d9c48c,team_fd317045cbdc,0,0,,,,
match_3ed03dda300e,2014,2014-06-29,team_6123486432d2,team_4edfc924721a,0,0,,,,
match_704cd06ebef4,2014,2014-06-29,team_53bcde0ca059,team_40bdb0601848,0,0,,,,
match_11b2b086a7a2,2014,2014-06-30,team_28ef36b35ae8,team_49f4fdc64da0,0,0,,,,
match_4eaa4ed24884,2014,2014-06-30,team_e165d4f2174b,team_f174114ad69e,0,0,,,,
match_1624c05d84d5,2014,2014-07-01,team_73fa01094ea6,team_152649df347e,0,0,,,,
match_7536c5fcec04,2014,2014-07-01,team_2a52adc7b1da,team_0d9c575f4f02,0,0,,,,
match_0db17203721c,2014,2014-07-04,team_6e5fa4d9c48c,team_25446782e2cc,0,0,,,,
match_f4a412ff86c5,2014,2014-07-04,team_e165d4f2174b,team_28ef36b35ae8,0,0,,,,
match_1156c5240a4d,2014,2014-07-05,team_6123486432d2,team_53bcde0ca059,0,0,,,,
match_7ba552fb3136,2014,2014-07-05,team_2a52adc7b1da,team_73fa01094ea6,0,0,,,,
match_88fce0d27641,2014,2014-07-08,team_6e5fa4d9c48c,team_28ef36b35ae8,0,0,,,,
match_8acd040814e4,2014,2014-07-09,team_6123486432d2,team_2a52adc7b1da,0,0,,,,
match_981ed82b46e3,2014,2014-07-12,team_6e5fa4d9c48c,team_6123486432d2,0,0,,,,
match_38b774cccd8e,2014,2014-07-13,team_28ef36b35ae8,team_2a52adc7b1da,0,0,,,,
match_3ee0a05214bf,2018,2018-06-14,team_1c625cc86f82,team_5318efec44d1,0,0,,,,
match_0a7804398319,2018,2018-06-15,team_ae0eea6eb6d6,team_1747d4b2dd4b,0,0,,,,
match_53a59c1e0e89,2018,2018-06-15,team_217b6e5f0a09,team_6f0a7d56c2cd,0,0,,,,
match_b0d45a81a705,2018,2018-06-15,team_4635c9536a61,team_9142ac5b229c,0,0,,,,
match_3bcb591a98d4,2018,2018-06-16,team_2a52adc7b1da,team_83166cdeb7a2,0,0,,,,
match_9b0ea3645d86,2018,2018-06-16,team_e165d4f2174b,team_fb2a54d63748,0,0,,,,
match_da374afb34d9,2018,2018-06-16,team_32e8419a7ecb,team_e9375700acbb,0,0,,,,
match_ec264ee559d5,2018,2018-06-16,team_267640588a39,team_f174114ad69e,0,0,,,,
match_9fbdf92a893f,2018,2018-06-17,team_53bcde0ca059,team_a3867434e7dc,0,0,,,,
match_aaf4d1675b3a,2018,2018-06-17,team_6e5fa4d9c48c,team_0d9c575f4f02,0,0,,,,
match_d3ee8b6c44dd,2018,2018-06-17,team_28ef36b35ae8,team_4edfc924721a,0,0,,,,
match_06198cd0fb13,2018,2018-06-18,team_6b07fd4ea837,team_f48861ca24e2,0,0,,,,
match_572d7016aa64,2018,2018-06-18,team_88e52ee42fd0,team_3c6cfbc2415a,0,0,,,,
match_65b8c1aee673,2018,2018-06-18,team_73fa01094ea6,team_a0420c052acb,0,0,,,,
match_648d2eb7c77f,2018,2018-06-19,team_1c625cc86f82,team_4635c9536a61,0,0,,,,
match_79568af28597,2018,2018-06-19,team_25446782e2cc,team_578ed5a4eecf,0,0,,,,
match_7d9ca90e5b03,2018,2018-06-19,team_6f08c5ddcdd0,team_531ba498ac86,0,0,,,,
match_2b0bd7d307f0,2018,2018-06-20,team_6f0a7d56c2cd,team_1747d4b2dd4b,0,0,,,,
match_38fd381f3124,2018,2018-06-20,team_9142ac5b229c,team_5318efec44d1,0,0,,,,
match_abb937e79d81,2018,2018-06-20,team_ae0eea6eb6d6,team_217b6e5f0a09,0,0,,,,
match_319089ab251b,2018,2018-06-21,team_2a52adc7b1da,team_267640588a39,0,0,,,,
match_6d79d7ca8a1b,2018,2018-06-21,team_e9375700acbb,team_fb2a54d63748,0,0,,,,
match_f97c996012f7,2018,2018-06-21,team_e165d4f2174b,team_32e8419a7ecb,0,0,,,,
match_296edf8375b4,2018,2018-06-22,team_6e5fa4d9c48c,team_53bcde0ca059,0,0,,,,
match_49fb6aec15d0,2018,2018-06-22,team_a3867434e7dc,team_0d9c575f4f02,0,0,,,,
match_d0baa25e6177,2018,2018-06-22,team_f174114ad69e,team_83166cdeb7a2,0,0,,,,
match_0588ac4e30ba,2018,2018-06-23,team_3c6cfbc2415a,team_4edfc924721a,0,0,,,,
match_18ebad8f7639,2018,2018-06-23,team_28ef36b35ae8,team_88e52ee42fd0,0,0,,,,
match_8c94ce90e80f,2018,2018-06-23,team_73fa01094ea6,team_6b07fd4ea837,0,0,,,,
match_41484766a024,2018,2018-06-24,team_578ed5a4eecf,team_531ba498ac86,0,0,,,,
match_9e43a0cec3c5,2018,2018-06-24,team_f48861ca24e2,team_a0420c052acb,0,0,,,,
match_bb17aa334f28,2018,2018-06-24,team_6f08c5ddcdd0,team_25446782e2cc,0,0,,,,
match_0f36d73d65c8,2018,2018-06-25,team_1747d4b2dd4b,team_217b6e5f0a09,0,0,,,,
match_1fbf5f0a51d7,2018,2018-06-25,team_9142ac5b229c,team_1c625cc86f82,0,0,,,,
match_25a2e81828a3,2018,2018-06-25,team_6f0a7d56c2cd,team_ae0eea6eb6d6,0,0,,,,
match_5b747b0e49cf,2018,2018-06-25,team_5318efec44d1,team_4635c9536a61,0,0,,,,
match_1bf35de0cbe7,2018,2018-06-26,team_fb2a54d63748,team_32e8419a7ecb,0,0,,,,
match_3f6b48076f53,2018,2018-06-26,team_e9375700acbb,team_e165d4f2174b,0,0,,,,
match_6ce3ad5c8865,2018,2018-06-26,team_83166cdeb7a2,team_267640588a39,0,0,,,,
match_b7ce46c1326b,2018,2018-06-26,team_f174114ad69e,team_2a52adc7b1da,0,0,,,,
match_ad8f2e06acf7,2018,2018-06-27,team_4edfc924721a,team_88e52ee42fd0,0,0,,,,
match_b92ed8c03128,2018,2018-06-27,team_3c6cfbc2415a,team_28ef36b35ae8,0,0,,,,
match_cd6ff4b60143,2018,2018-06-27,team_a3867434e7dc,team_6e5fa4d9c48c,0,0,,,,
match_db321bc52421,2018,2018-06-27,team_0d9c575f4f02,team_53bcde0ca059,0,0,,,,
match_bacbdd41e1c5,2018,2018-06-28,team_f48861ca24e2,team_73fa01094ea6,0,0,,,,
match_d37c0be156bf,2018,2018-06-28,team_578ed5a4eecf,team_6f08c5ddcdd0,0,0,,,,
match_d506374daedc,2018,2018-06-28,team_531ba498ac86,team_25446782e2cc,0,0,,,,
match_e355173b2119,2018,2018-06-28,team_a0420c052acb,team_6b07fd4ea837,0,0,,,,
match_2152dc6722fc,2018,2018-06-30,team_e165d4f2174b,team_2a52adc7b1da,0,0,,,,
match_c95fcb26c8f6,2018,2018-06-30,team_9142ac5b229c,team_ae0eea6eb6d6,0,0,,,,
match_093b3fb1da43,2018,2018-07-01,team_267640588a39,team_e9375700acbb,0,0,,,,
match_12447a7936fa,2018,2018-07-01,team_1747d4b2dd4b,team_1c625cc86f82,0,0,,,,
match_c027002616be,2018,2018-07-02,team_6e5fa4d9c48c,team_4edfc924721a,0,0,,,,
match_f326a4333407,2018,2018-07-02,team_73fa01094ea6,team_578ed5a4eecf,0,0,,,,
match_16dfecb0aae9,2018,2018-07-03,team_25446782e2cc,team_f48861ca24e2,0,0,,,,
match_a00f26836263,2018,2018-07-03,team_88e52ee42fd0,team_0d9c575f4f02,0,0,,,,
match_46d19cfbd60f,2018,2018-07-06,team_6e5fa4d9c48c,team_73fa01094ea6,0,0,,,,
match_67f243351ead,2018,2018-07-06,team_9142ac5b229c,team_e165d4f2174b,0,0,,,,
match_0457052e18ac,2018,2018-07-07,team_1c625cc86f82,team_267640588a39,0,0,,,,
match_2965008e4de4,2018,2018-07-07,team_88e52ee42fd0,team_f48861ca24e2,0,0,,,,
match_22bdaedac849,2018,2018-07-10,team_e165d4f2174b,team_73fa01094ea6,0,0,,,,
match_cfc25d034528,2018,2018-07-11,team_267640588a39,team_f48861ca24e2,0,0,,,,
match_48d908273829,2018,2018-07-14,team_73fa01094ea6,team_f48861ca24e2,0,0,,,,
match_f5d39f2a6e9a,2018,2018-07-15,team_e165d4f2174b,team_267640588a39,0,0,,,,
match_eba59d5d01d0,2022,2022-11-20,team_7d8ca47bbe17,team_2b4a1835a0aa,0,0,,,,
match_0a8f5c4a4766,2022,2022-11-21,team_152649df347e,team_eea7530d166b,0,0,,,,
match_80a4ca985d2c,2022,2022-11-21,team_531ba498ac86,team_6123486432d2,0,0,,,,
match_a64cba8917b3,2022,2022-11-21,team_f48861ca24e2,team_6f0a7d56c2cd,0,0,,,,
match_281c5a33aca4,2022,2022-11-22,team_e9375700acbb,team_6b07fd4ea837,0,0,,,,
match_2d2fb2173ae5,2022,2022-11-22,team_2a52adc7b1da,team_5318efec44d1,0,0,,,,
match_76928775501c,2022,2022-11-22,team_4edfc924721a,team_6f08c5ddcdd0,0,0,,,,
match_f3510c7f2963,2022,2022-11-22,team_e165d4f2174b,team_fb2a54d63748,0,0,,,,
match_07e3c71a8b3f,2022,2022-11-23,team_28ef36b35ae8,team_578ed5a4eecf,0,0,,,,
match_3fab3e97aa68,2022,2022-11-23,team_217b6e5f0a09,team_267640588a39,0,0,,,,
match_6012dfda6087,2022,2022-11-23,team_73fa01094ea6,team_c2aadac2ca30,0,0,,,,
match_ceb0b4724a4c,2022,2022-11-23,team_1747d4b2dd4b,team_53bcde0ca059,0,0,,,,
match_19fd9f42dc66,2022,2022-11-24,team_0d9c575f4f02,team_9621cbb93d1b,0,0,,,,
match_1e78cdccfaf3,2022,2022-11-24,team_9142ac5b229c,team_3c6cfbc2415a,0,0,,,,
match_8ddd14644e7d,2022,2022-11-24,team_ae0eea6eb6d6,team_0e6049dbb2ce,0,0,,,,
match_9e641e38ec9a,2022,2022-11-24,team_6e5fa4d9c48c,team_a3867434e7dc,0,0,,,,
match_29c08dea111e,2022,2022-11-25,team_f48861ca24e2,team_152649df347e,0,0,,,,
match_46f196403397,2022,2022-11-25,team_eea7530d166b,team_6f0a7d56c2cd,0,0,,,,
match_e6fe4bbca268,2022,2022-11-25,team_7d8ca47bbe17,team_531ba498ac86,0,0,,,,
match_e829a80223bc,2022,2022-11-25,team_6123486432d2,team_2b4a1835a0aa,0,0,,,,
match_4d58b298d2af,2022,2022-11-26,team_2a52adc7b1da,team_4edfc924721a,0,0,,,,
match_5ae2ed674a87,2022,2022-11-26,team_6b07fd4ea837,team_fb2a54d63748,0,0,,,,
match_5eafcf496399,2022,2022-11-26,team_e165d4f2174b,team_e9375700acbb,0,0,,,,
match_e17641dd871d,2022,2022-11-26,team_6f08c5ddcdd0,team_5318efec44d1,0,0,,,,
match_1e1fca843881,2022,2022-11-27,team_267640588a39,team_c2aadac2ca30,0,0,,,,
match_277670442203,2022,2022-11-27,team_1747d4b2dd4b,team_28ef36b35ae8,0,0,,,,
match_3486e75b0605,2022,2022-11-27,team_73fa01094ea6,team_217b6e5f0a09,0,0,,,,
match_420ff494a43e,2022,2022-11-27,team_578ed5a4eecf,team_53bcde0ca059,0,0,,,,
match_03a870591a86,2022,2022-11-28,team_3c6cfbc2415a,team_0e6049dbb2ce,0,0,,,,
match_6f2b5423688b,2022,2022-11-28,team_9621cbb93d1b,team_a3867434e7dc,0,0,,,,
match_7bee89ecf7bd,2022,2022-11-28,team_6e5fa4d9c48c,team_0d9c575f4f02,0,0,,,,
match_ac917798a039,2022,2022-11-28,team_ae0eea6eb6d6,team_9142ac5b229c,0,0,,,,
match_b01bb9eba5aa,2022,2022-11-29,team_6f0a7d56c2cd,team_152649df347e,0,0,,,,
match_cbfd905e8889,2022,2022-11-29,team_2b4a1835a0aa,team_531ba498ac86,0,0,,,,
match_cedcf59ba09f,2022,2022-11-29,team_6123486432d2,team_7d8ca47bbe17,0,0,,,,
match_f0f70bcdba1b,2022,2022-11-29,team_eea7530d166b,team_f48861ca24e2,0,0,,,,
match_16528982bbc1,2022,2022-11-30,team_fb2a54d63748,team_e9375700acbb,0,0,,,,
match_2f53e659c715,2022,2022-11-30,team_6b07fd4ea837,team_e165d4f2174b,0,0,,,,
match_36bb02f73202,2022,2022-11-30,team_5318efec44d1,team_4edfc924721a,0,0,,,,
match_827f605a660e,2022,2022-11-30,team_6f08c5ddcdd0,team_2a52adc7b1da,0,0,,,,
match_aae822025db9,2022,2022-12-01,team_53bcde0ca059,team_28ef36b35ae8,0,0,,,,
match_b0d6f8d367f2,2022,2022-12-01,team_c2aadac2ca30,team_217b6e5f0a09,0,0,,,,
match_cfee9e4bb553,2022,2022-12-01,team_578ed5a4eecf,team_1747d4b2dd4b,0,0,,,,
match_ffa69018da51,2022,2022-12-01,team_267640588a39,team_73fa01094ea6,0,0,,,,
match_6eb13a82ec7c,2022,2022-12-02,team_3c6cfbc2415a,team_ae0eea6eb6d6,0,0,,,,
match_8891748ec8e3,2022,2022-12-02,team_0e6049dbb2ce,team_9142ac5b229c,0,0,,,,
match_d71f633f94b5,2022,2022-12-02,team_a3867434e7dc,team_0d9c575f4f02,0,0,,,,
match_f47983c49068,2022,2022-12-02,team_9621cbb93d1b,team_6e5fa4d9c48c,0,0,,,,
match_a4a299f14514,2022,2022-12-03,team_2a52adc7b1da,team_fb2a54d63748,0,0,,,,
match_a715603082f9,2022,2022-12-03,team_6123486432d2,team_152649df347e,0,0,,,,
match_28f173583db1,2022,2022-12-04,team_f48861ca24e2,team_531ba498ac86,0,0,,,,
match_9f7f3ca727b4,2022,2022-12-04,team_e165d4f2174b,team_6f08c5ddcdd0,0,0,,,,
match_cfd60b625822,2022,2022-12-05,team_578ed5a4eecf,team_267640588a39,0,0,,,,
match_db2c7f8ef3f9,2022,2022-12-05,team_6e5fa4d9c48c,team_3c6cfbc2415a,0,0,,,,
match_a7ebe23071da,2022,2022-12-06,team_217b6e5f0a09,team_1747d4b2dd4b,0,0,,,,
match_fe8b12eea490,2022,2022-12-06,team_ae0eea6eb6d6,team_0d9c575f4f02,0,0,,,,
match_2f915033f4e3,2022,2022-12-09,team_6123486432d2,team_2a52adc7b1da,0,0,,,,
match_9d2b8b48fb90,2022,2022-12-09,team_267640588a39,team_6e5fa4d9c48c,0,0,,,,
match_8f666bec6225,2022,2022-12-10,team_217b6e5f0a09,team_ae0eea6eb6d6,0,0,,,,
match_eb04f9fd8d79,2022,2022-12-10,team_f48861ca24e2,team_e165d4f2174b,0,0,,,,
match_f6887b5f5d6f,2022,2022-12-13,team_2a52adc7b1da,team_267640588a39,0,0,,,,
match_ebf4a0fe598d,2022,2022-12-14,team_e165d4f2174b,team_217b6e5f0a09,0,0,,,,
match_c50654aea08c,2022,2022-12-17,team_267640588a39,team_217b6e5f0a09,0,0,,,,
match_438f9a929e58,2022,2022-12-18,team_2a52adc7b1da,team_e165d4f2174b,0,0,,,,
